STN_Code,Sampling_Month,Lake_Name,Use_Class,DO,pH,Conductivity,BOD,Nitrate,Fecal_Coliform,Total_Coliform,Carbona te (CO3- ) (mg/L),Bicarbon ate (HCO3-) (mg/L),Turbidi ty (mg/L),Phenolphth alein Alkalinity (mg/L),Total Alkalinity (mg/L),Chlorides,COD,Ammonical_N,Total_Hardness,Ca as CaCo3 (mg/L),Mg as CaCo3 (mg/L),Sulphate (mg/L),Sodium (mg/L),TDS,Phosphate,Boron (mg/L),Potassi um (mg/L),Fluoride (mg/L),source_file,Fecal Streptococci (MPN/100ml),Carbonate (CO3-) (mg/L),Bicarbonate (HCO3-) (mg/L),Turbidity,Phenolphthalein Alkalinity (mg/L),Total Kjeldahl Nitrogen (mg/L),Total Suspended Solids (mg/L),Potassium (mg/L),Sodium Percentage,SAR,Ortho Phosphate (mg/L),Sl. No,Temperature,Phenolphthalei n Alkalinity (mg/L),Ca,Mg,Free Ammonia as N,ron (mg/L),uoride (mg/L),Sl.No,Carbonate (CO3-)(mg/L),Phenolp thalein Alkalinit,Cadmium (mg/L),Copper (mg/L),Lead (mg/L),Chromium Total (mg/L),Nickel (mg/L),Zinc (mg/L),Iron (mg/L),Manganese (mg/L),Total Alkalinit y (mg/L),Fluori de (mg/L)
4530.0,Aug,KAMMASANDRA LAKE,"E (Irrigation, industrial cooling",0.3(BDL),7.4,1394.0,28.0,7.3,49000000.0,240000000.0,3(BDL),600.0,27.6,5(BDL),600.0,180.0,192.0,10.5,488.0,248.0,240.0,29,91.0,948,2.8,0.5 (BDL),28.0,0.38,AUG-2023.xlsx,,,,,,,,,,,,,,,,,,,,,,,,,,,,,,,,
5575.0,Aug,"Hanchanal Lake ,Hanchanal Vill,Bengaluru","D (Propagation of wild life,fisheries)",5.1,6.9,1187.0,3.9,12.0,1840.0,3200.0,,,69,5(BDL),228.0,216.0,60.0,0.4,232.0,100.0,132.0,220,45.0,760,0.4,0.5(BDL),6.81,0.75,AUG-2023.xlsx,,,,,,,,,,,,,,,,,,,,,,,,,,,,,,,,
3645.0,Aug,DEVARAYASAMUDRA LAKE,"D (Propagation of wild life, fisheries)",4.1,7.4,466.0,7.0,8.0,4800.0,35000.0,3(BDL),160.0,7.1,5(BDL),160.0,44.0,72.0,0.6,220.0,116.0,104.0,8,43.0,320,0.3,0.5(BDL),6.0,0.4,AUG-2023.xlsx,,,,,,,,,,,,,,,,,,,,,,,,,,,,,,,,
5589.0,Aug,"Mallapura Kere, Mallapura Vill, Nh-13, Hospet Road Chitradurga,Bengaluru","D (Propagation of wild life, fisheries)",0.3(BDL),7.8,1480.0,28.2,1.95,130.0,2800.0,,,12,5(BDL),330.0,220.0,44.0,2.39,328.0,216.0,112.0,56,165.1,968,,0.5(BDL),25.05,0.36,AUG-2023.xlsx,,,,,,,,,,,,,,,,,,,,,,,,,,,,,,,,
3648.0,Aug,MYDALA TANK,"D (Propagation of wild life, fisheries)",5.6,7.0,250.0,4.0,6.0,480.0,16000.0,3(BDL),72.0,5.6,5(BDL),72.0,20.0,40.0,0.4,68.0,40.0,28.0,7,15.0,170,0.2 (BDL),0.5(BDL),3.0,0.2(BDL),AUG-2023.xlsx,,,,,,,,,,,,,,,,,,,,,,,,,,,,,,,,
3644.0,Aug,MULBAGALU LAKE,"E (Irrigation, industrial cooling and controlled waste)",2.9,7.9,1196.0,20.0,4.0,7000.0,92000.0,3(BDL),388.0,34.8,5(BDL),388.0,336.0,136.0,2.0,288.0,148.0,140.0,8,93.0,824,0.2 (BDL),,4.0,0.4,AUG-2023.xlsx,,,,,,,,,,,,,,,,,,,,,,,,,,,,,,,,
3621.0,Aug,HARALUR LAKE,"E (Irrigation, industrial cooling and controlled waste)",2,8.2,968.0,17.0,3.7,6300.0,54000.0,3(BDL),244.0,24.6,5(BDL),244.0,148.0,117.0,1.5,248.0,128.0,120.0,99,99.0,660,2.6,0.5(BDL),22.0,0.26,AUG-2023.xlsx,,,,,,,,,,,,,,,,,,,,,,,,,,,,,,,,
5571.0,Aug,"Kudlu Doddakere, Kudlu Vill,Bengaluru","D (Propagation of wild life,fisheries)",4.1,8.5,708.0,10.0,3.0,27000.0,240000.0,24,128.0,16.5,12,140.0,136.0,99.0,0.84,164.0,88.0,76.0,57,92.0,480,0.44,0.5(BDL),20.0,0.26,AUG-2023.xlsx,,,,,,,,,,,,,,,,,,,,,,,,,,,,,,,,
5572.0,Aug,"Kudlu Chikkakere, Bgp Layout Kudlu Vill ,Bengaluru","D (Propagation of wild life,fisheries)",4.1,8.5,710.0,11.0,3.0,7900.0,54000.0,24,128.0,17.3,12,140.0,136.0,104.0,0.86,164.0,88.0,76.0,58,93.0,486,0.45,0.5(BDL),20.0,0.28,AUG-2023.xlsx,,,,,,,,,,,,,,,,,,,,,,,,,,,,,,,,
3611.0,Aug,KAIKONDANAHALLI LAKE,"D (Propagation of wild life,fisheries)",4.4,8.5,762.0,9.0,3.3,4600.0,35000.0,32,136.0,16.4,16,152.0,148.0,88.0,0.8,204.0,108.0,96.0,34,101.0,522,2.4,0.5(BDL),26.0,0.3,AUG-2023.xlsx,,,,,,,,,,,,,,,,,,,,,,,,,,,,,,,,
4529.0,Aug,KASAVANAHALLI LAKE,"D (Propagation of wild life,fisheries)",4.6,7.5,630.0,8.0,2.9,4800.0,92000.0,3(BDL),156.0,8.6,5(BDL),156.0,128.0,74.0,0.79,156.0,84.0,72.0,5(BDL),92.0,432,0.2(BD L),0.5(BDL),16.0,0.25,AUG-2023.xlsx,,,,,,,,,,,,,,,,,,,,,,,,,,,,,,,,
3620.0,Aug,PARAPPANA AGRAHARA LAKE,"E (Irrigation, industrial cooling and controlled waste)",3.4,8.0,904.0,12.0,3.7,4700.0,160000.0,3(BDL),236.0,20.4,5(BDL),236.0,148.0,119.0,1.3,268.0,140.0,128.0,35,111.0,620,0.4,0.5(BDL),35.0,0.35,AUG-2023.xlsx,,,,,,,,,,,,,,,,,,,,,,,,,,,,,,,,
4528.0,Aug,DODDAKANNEHALLI LAKE,"D (Propagation of wild life,fisheries)",4.4,8.5,769.0,9.0,3.0,1700.0,24000.0,32,100.0,19.7,16,116.0,144.0,80.0,0.83,156.0,84.0,72.0,45,93.0,520,1.7,0.5(BDL),18.0,0.26,AUG-2023.xlsx,,,,,,,,,,,,,,,,,,,,,,,,,,,,,,,,
4521.0,Aug,DEVARABEESANAHALLI LAKE,"D (Propagation of wild life,fisheries)",5.2,7.7,1272.0,7.0,5.9,4600.0,54000.0,3(BDL),148.0,6.5,5(BDL),148.0,368.0,69.0,0.82,276.0,144.0,132.0,30,176.0,868,1.8,0.5(BDL),37.0,0.44,AUG-2023.xlsx,,,,,,,,,,,,,,,,,,,,,,,,,,,,,,,,
5570.0,Aug,"Soulkere, Kaikondrahalli Vill,Bengaluru","D (Propagation of wild life,fisheries)",4.5,7.5,1265.0,8.0,5.9,4000.0,92000.0,3(BDL),168.0,7.2,5(BDL),168.0,340.0,73.0,0.76,316.0,164.0,152.0,23,185.0,864,1.9,0.5(BDL),31.0,0.48,AUG-2023.xlsx,,,,,,,,,,,,,,,,,,,,,,,,,,,,,,,,
4542.0,Aug,BASAVANAPURA LAKE,"D (Propagation of wild life,fisheries)",5.7,7.8,310.0,5.0,1.0,4000.0,54000.0,3(BDL),92.0,12.8,5(BDL),92.0,40.0,64.0,0.4,96.0,56.0,40.0,11,34.0,208,0.3,0.5(BDL),10.0,0.2(BDL),AUG-2023.xlsx,,,,,,,,,,,,,,,,,,,,,,,,,,,,,,,,
3616.0,Aug,KALENA AGRAHARA LAKE,"D (Propagation of wild life,fisheries)",5.8,7.7,338.0,5.0,1.0,2300.0,24000.0,3(BDL),96.0,13.3,5(BDL),96.0,44.0,60.0,0.4,128.0,72.0,56.0,12,24.0,230,0.3,0.5(BDL),10.0,0.22,AUG-2023.xlsx,,,,,,,,,,,,,,,,,,,,,,,,,,,,,,,,
3613.0,Aug,GOTTIGERE LAKE,"D (Propagation of wild life,fisheries)",5.8,7.7,833.0,5.0,3.0,3100.0,35000.0,3(BDL),148.0,6.7,5(BDL),148.0,140.0,68.0,0.4,168.0,92.0,76.0,36,97.0,556,0.28,0.5(BDL),24.0,0.35,AUG-2023.xlsx,,,,,,,,,,,,,,,,,,,,,,,,,,,,,,,,
3615.0,Aug,ARAKERE LAKE,"D (Propagation of wild life,fisheries)",5.7,7.8,332.0,5.0,1.0,470.0,16000.0,3(BDL),96.0,9.7,5(BDL),96.0,40.0,48.0,0.4,100.0,56.0,44.0,12,19.0,224,0.3,0.5(BDL),10.0,0.22,AUG-2023.xlsx,,,,,,,,,,,,,,,,,,,,,,,,,,,,,,,,
3619.0,Aug,BEGUR TANK,"D (Propagation of wild life,fisheries)",5.4,7.7,825.0,6.0,3.0,4300.0,92000.0,3(BDL),140.0,9.9,5(BDL),140.0,152.0,56.0,0.4,164.0,88.0,76.0,35,98.0,554,0.29,0.5(BDL),25.0,0.35,AUG-2023.xlsx,,,,,,,,,,,,,,,,,,,,,,,,,,,,,,,,
4543.0,Aug,KODI SINGASANDRA LAKE,"D (Propagation of
wild life,fisheries)",6.1,7.7,1012.0,4.0,4.0,330.0,16000.0,3(BDL),184.0,3.2,5(BDL),184.0,138.0,44.0,0.4,200.0,108.0,92.0,9,138.0,682,0.91,0.5(BDL),23.0,0.33,AUG-2023.xlsx,,,,,,,,,,,,,,,,,,,,,,,,,,,,,,,,
3618.0,Aug,SINGASANDRA LAKE,"D (Propagation of wild life,fisheries)",4.7,8.0,898.0,7.0,3.0,2200.0,24000.0,3(BDL),192.0,8.6,5(BDL),192.0,128.0,88.0,0.48,240.0,128.0,112.0,28,94.0,604,2,0.5(BDL),28.0,0.28,AUG-2023.xlsx,,,,,,,,,,,,,,,,,,,,,,,,,,,,,,,,
3590.0,Aug,LALBAGH TANK,"D (Propagation of wild life,fisheries)",4.1,6.7,495.0,12.0,1.4,3900.0,92000.0,3(BDL),140.0,23.1,5(BDL),140.0,76.0,116.0,0.95,132.0,72.0,60.0,8,49.0,340,0.2 (BDL),0.5(BDL),6.0,0.21,AUG-2023.xlsx,,,,,,,,,,,,,,,,,,,,,,,,,,,,,,,,
4504.0,Aug,SARAKKI LAKE,"D (Propagation of wild life,fisheries)",5,7.4,813.0,7.0,2.4,490.0,16000.0,3(BDL),232.0,4.4,5(BDL),232.0,124.0,68.0,0.61,220.0,116.0,104.0,13,80.0,552,0.34,0.5(BDL),10.0,0.35,AUG-2023.xlsx,,,,,,,,,,,,,,,,,,,,,,,,,,,,,,,,
3638.0,Aug,YELACHENAHALLI LAKE,"D (Propagation of wild life,fisheries)",4.4,7.1,333.0,10.0,1.0,7900.0,92000.0,3(BDL),96.0,7.9,5(BDL),96.0,48.0,102.0,0.92,88.0,52.0,36.0,5(BDL),34.0,230,0.2 (BDL),0.5(BDL),4.0,0.2(BDL),AUG-2023.xlsx,,,,,,,,,,,,,,,,,,,,,,,,,,,,,,,,
3592.0,Aug,YEDIYUR TANK,"D (Propagation of wild life,fisheries)",4.2,7.4,251.0,11.0,0.73,11000.0,54000.0,3(BDL),72.0,21.8,5(BDL),72.0,36.0,109.0,0.94,64.0,40.0,24.0,5(BDL),26.0,174,0.2 (BDL),0.5(BDL),3.0,0.2(BDL),AUG-2023.xlsx,,,,,,,,,,,,,,,,,,,,,,,,,,,,,,,,
3591.0,Aug,KEMPAMBUDHI TANK,"E (Irrigation, industrial cooling and controlled waste)",3.1,6.8,538.0,12.0,1.6,4800.0,35000.0,3(BDL),156.0,8.2,5(BDL),156.0,80.0,110.0,2.6,144.0,80.0,64.0,8,53.0,366,0.22,0.5(BDL),7.0,0.23,AUG-2023.xlsx,,,,,,,,,,,,,,,,,,,,,,,,,,,,,,,,
5566.0,Aug,"Basavanapura Lake Ayyappa
Nagr Main Road , K. R. Puram ,
Bengaluru","D (Propagation of wild life,fisheries)",4.8,6.5,1059.0,6.0,1.0,5800.0,92000.0,3(BDL),116.0,5.8,5(BDL),116.0,52.0,56.0,0.4,124.0,68.0,14.0,15,44.0,720,0.22,0.5(BDL),12.0,0.21,AUG-2023.xlsx,,,,,,,,,,,,,,,,,,,,,,,,,,,,,,,,
3605.0,Aug,YELEMALLAPPA SHETTY LAKE,"E (Irrigation, industrial cooling and controlled waste)",2.8,6.5,1190.0,13.0,2.38,410.0,16000.0,3(BDL),396.0,12.3,5(BDL),396.0,96.0,116.0,11.0,256.0,132.0,124.0,31,67.0,806,0.2(BD L),0.5(BDL),14.0,0.2(BDL),AUG-2023.xlsx,,,,,,,,,,,,,,,,,,,,,,,,,,,,,,,,
4515.0,Aug,BHATTARAHALLI LAKE,"D (Propagation of wild life,fisheries)",4.8,7.7,815.0,7.0,2.14,310.0,9200.0,3(BDL),132.0,3.2,5(BDL),132.0,144.0,60.0,0.4,92.0,52.0,40.0,18,94.0,552,0.2 (BDL),0.5(BDL),19.0,0.36,AUG-2023.xlsx,,,,,,,,,,,,,,,,,,,,,,,,,,,,,,,,
3643.0,Aug,BENNIGANAHALLI LAKE,"D (Propagation of wild life,fisheries)",4.9,6.9,491.0,4.0,1.88,700.0,16000.0,3(BDL),108.0,2.1,5(BDL),108.0,80.0,46.0,0.86,128.0,68.0,60.0,20,42.0,342,0.2 (BDL),0.5(BDL),10.0,0.2(BDL),AUG-2023.xlsx,,,,,,,,,,,,,,,,,,,,,,,,,,,,,,,,
3603.0,Aug,VENGAIYYANAKERE( KR PURAM LAKE ),"D (Propagation of wild life,fisheries)",4.8,6.9,1420.0,4.0,5.45,4000.0,92000.0,3(BDL),328.0,6.1,5(BDL),328.0,240.0,46.0,0.82,384.0,196.0,188.0,58,114.0,994,0.75,0.5(BDL),28.0,0.28,AUG-2023.xlsx,,,,,,,,,,,,,,,,,,,,,,,,,,,,,,,,
4526.0,Aug,DEVASANDRA LAKE,"D (Propagation of wild life,fisheries)",5,6.7,428.0,4.0,1.64,480000.0,3500000.0,3(BDL),96.0,9.4,5(BDL),96.0,68.0,41.0,0.74,112.0,60.0,52.0,17,37.0,296,0.2 (BDL),0.5(BDL),9.0,0.2(BDL),AUG-2023.xlsx,,,,,,,,,,,,,,,,,,,,,,,,,,,,,,,,
5563.0,Aug,"Segehalli Lake Baavanapura Road Battarahalli , Bangalore East","E (Irrigation, industrial cooling and controlled waste)",2.9,7.2,840.0,18.0,3.22,230000.0,2400000.0,3(BDL),192.0,32.1,5(BDL),192.0,140.0,156.0,3.1,224.0,116.0,108.0,34,77.0,586,0.46,0.5(BDL),17.0,0.2(BDL),AUG-2023.xlsx,,,,,,,,,,,,,,,,,,,,,,,,,,,,,,,,
5564.0,Aug,"Kannamangala Lake Hoskote Main Road , Bengalore","D (Propagation of wild life,fisheries)",5.1,6.9,2041.0,4.0,7.83,4900.0,54000.0,3(BDL),476.0,3.1,5(BDL),476.0,344.0,40.0,0.55,556.0,284.0,272.0,83,163.0,1432,0.42,0.5(BDL),41.0,0.31,AUG-2023.xlsx,,,,,,,,,,,,,,,,,,,,,,,,,,,,,,,,
3614.0,Aug,PUTTENAHALLI LAKE,"D (Propagation of wild life,fisheries)",4.2,7.2,390.0,4.0,2.0,4800.0,54000.0,3(BDL),96.0,9.5,5(BDL),96.0,48.0,40.0,0.62,120.0,64.0,56.0,13,36.0,268,0.55,0.5(BDL),12.0,0.2(BDL),AUG-2023.xlsx,,,,,,,,,,,,,,,,,,,,,,,,,,,,,,,,
5567.0,Aug,"Doddakallasandra Lake,Bengalur","D (Propagation of wild life,fisheries)",4.3,6.9,410.0,4.0,2.0,630.0,16000.0,3(BDL),100.0,6.3,5(BDL),100.0,84.0,44.0,0.72,108.0,60.0,48.0,5(BDL),42.0,286,0.54,0.5(BDL),11.0,0.3,AUG-2023.xlsx,,,,,,,,,,,,,,,,,,,,,,,,,,,,,,,,
4544.0,Aug,KOTHANURU LAKE,"D (Propagation of wild life,fisheries)",4.3,7.1,379.0,5.0,2.0,21.0,540.0,3(BDL),116.0,9.9,5(BDL),116.0,48.0,48.0,0.73,104.0,56.0,48.0,11,36.0,264,0.23,0.5(BDL),12.0,0.2(BDL),AUG-2023.xlsx,,,,,,,,,,,,,,,,,,,,,,,,,,,,,,,,
5574.0,Aug,"Anjanapura Lake ( Avala Halli Lake) Anjanapura,Bengaluru","D (Propagation of wild life,fisheries)",4,6.9,416.0,9.0,2.0,700.0,16000.0,3(BDL),128.0,6.5,5(BDL),128.0,72.0,88.0,0.74,92.0,52.0,10.0,5(BDL),42.0,290,0.2 (BDL),0.5(BDL),11.0,0.3,AUG-2023.xlsx,,,,,,,,,,,,,,,,,,,,,,,,,,,,,,,,
3602.0,Aug,BELLANDUR LAKE,"E (Irrigation, industrial cooling and controlled waste)",0.3(BDL),6.9,1186.0,18.0,2.8,3300.0,35000.0,3(BDL),328.0,6.2,5(BDL),328.0,208.0,192.0,2.16,256.0,136.0,120.0,16,132.0,810,0.56,0.5(BDL),12.0,0.21,AUG-2023.xlsx,,,,,,,,,,,,,,,,,,,,,,,,,,,,,,,,
3589.0,Aug,MADIWALA TANK,"D (Propagation of wild life,fisheries)",4.8,7.3,1170.0,8.0,3.0,4000.0,35000.0,3(BDL),200.0,2.4,5(BDL),200.0,108.0,95.0,0.4,244.0,128.0,116.0,10,140.0,796,0.58,0.5(BDL),12.0,0.2(BDL),AUG-2023.xlsx,,,,,,,,,,,,,,,,,,,,,,,,,,,,,,,,
4547.0,Aug,"MANGAMANAPALYA
LAKE(SWARANA KUNTE)","D (Propagation of
wild life,fisheries)",4.3,7.3,1168.0,7.0,3.0,3100.0,92000.0,3(BDL),208.0,3.3,5(BDL),208.0,124.0,89.0,0.4,220.0,116.0,104.0,11,144.0,790,0.63,0.5(BDL),12.0,0.21,AUG-2023.xlsx,,,,,,,,,,,,,,,,,,,,,,,,,,,,,,,,
3622.0,Aug,SOMASUNDRAPALYA LAKE,"D (Propagation of wild life,fisheries)",4.5,7.4,796.0,8.0,2.0,4800.0,54000.0,3(BDL),184.0,2.8,5(BDL),184.0,116.0,90.0,0.4,196.0,112.0,84.0,10,82.0,546,0.24,0.5(BDL),12.0,0.21,AUG-2023.xlsx,,,,,,,,,,,,,,,,,,,,,,,,,,,,,,,,
3609.0,Aug,IBBALUR LAKE,"D (Propagation of wild life,fisheries)",4.3,7.2,1027.0,6.0,2.2,4700.0,160000.0,3(BDL),192.0,3.4,5(BDL),192.0,128.0,75.0,0.4,196.0,108.0,88.0,9,107.0,700,0.49,0.5(BDL),8.0,0.21,AUG-2023.xlsx,,,,,,,,,,,,,,,,,,,,,,,,,,,,,,,,
3612.0,Aug,AGARAM LAKE,"D (Propagation of wild life,fisheries)",4.4,7.3,795.0,6.0,2.0,2200.0,24000.0,3(BDL),180.0,4.1,5(BDL),180.0,116.0,75.0,0.4,168.0,100.0,68.0,11,89.0,540,0.28,0.5(BDL),12.0,0.23,AUG-2023.xlsx,,,,,,,,,,,,,,,,,,,,,,,,,,,,,,,,
3642.0,Aug,JIGANI TANK,"D (Propagation of wild life,fisheries)",4,7.7,896.0,9.0,4.0,330.0,9200.0,3(BDL),252.0,8.4,5(BDL),252.0,148.0,84.0,0.97,212.0,112.0,100.0,37,123.0,612,0.2(BD L),0.5(BDL),37.0,0.57,AUG-2023.xlsx,,,,,,,,,,,,,,,,,,,,,,,,,,,,,,,,
3594.0,Aug,SANKEY TANK,"D (Propagation of wild life,fisheries)",4.9,7.6,549.0,7.0,1.6,460.0,16000.0,3(BDL),156.0,5.1,5(BDL),156.0,84.0,69.0,0.57,148.0,80.0,68.0,9,54.0,374,0.23,0.5(BDL),7.0,0.23,AUG-2023.xlsx,,,,,,,,,,,,,,,,,,,,,,,,,,,,,,,,
3624.0,Aug,PUTTENAHALLI LAKE,"D (Propagation of wild life,fisheries)",4.1,7.1,754.0,11.0,2.2,3300.0,35000.0,3(BDL),216.0,18.1,5(BDL),216.0,116.0,112.0,0.95,204.0,108.0,96.0,12,74.0,514,0.32,0.5(BDL),9.0,0.32,AUG-2023.xlsx,,,,,,,,,,,,,,,,,,,,,,,,,,,,,,,,
3625.0,Aug,HEBBAL LAKE,"D (Propagation of wild life,fisheries)",4.2,7.0,750.0,11.0,2.2,4800.0,92000.0,3(BDL),212.0,14.4,5(BDL),212.0,116.0,107.0,0.93,200.0,108.0,92.0,12,74.0,510,0.31,0.5(BDL),9.0,0.34,AUG-2023.xlsx,,,,,,,,,,,,,,,,,,,,,,,,,,,,,,,,
3629.0,Aug,ALLALASANDRA LAKE,"E (Irrigation, industrial cooling and controlled waste)",3.2,6.9,1119.0,13.0,3.2,2700.0,24000.0,3(BDL),312.0,32,5(BDL),312.0,172.0,129.0,1.9,300.0,156.0,144.0,17,109.0,762,0.47,0.5(BDL),14.0,0.47,AUG-2023.xlsx,,,,,,,,,,,,,,,,,,,,,,,,,,,,,,,,
3630.0,Aug,YELAHANKA TANK,"E (Irrigation, industrial cooling and controlled
waste)",3,6.9,1207.0,13.0,3.5,3900.0,160000.0,3(BDL),336.0,30.2,5(BDL),336.0,188.0,131.0,2.1,324.0,168.0,156.0,18,117.0,822,0.51,0.5(BDL),15.0,0.57,AUG-2023.xlsx,,,,,,,,,,,,,,,,,,,,,,,,,,,,,,,,
3627.0,Aug,JAKKUR LAKE,"E (Irrigation,
industrial cooling and controlled waste)",2.8,7.2,1207.0,23.0,4.63,4900.0,54000.0,3(BDL),280.0,4.9,5(BDL),280.0,200.0,160.0,4.7,328.0,168.0,160.0,49,107.0,842,0.57,0.5(BDL),24.0,0.32,AUG-2023.xlsx,,,,,,,,,,,,,,,,,,,,,,,,,,,,,,,,
3626.0,Aug,NAGAVARA LAKE,"D (Propagation of wild life,fisheries)",6.1,7.1,640.0,4.0,2.45,2200.0,24000.0,3(BDL),144.0,3.8,5(BDL),144.0,104.0,41.0,0.4,172.0,92.0,80.0,26,60.0,446,0.2 (BDL),0.5(BDL),13.0,0.2(BDL),AUG-2023.xlsx,,,,,,,,,,,,,,,,,,,,,,,,,,,,,,,,
4507.0,Aug,CHELEKERE LAKE,"D (Propagation of wild life,fisheries)",6.6,6.7,559.0,4.0,2.14,6300.0,54000.0,3(BDL),124.0,4.1,5(BDL),124.0,92.0,40.0,0.42,148.0,80.0,68.0,23,47.0,390,0.2 (BDL),0.5(BDL),11.0,0.2(BDL),AUG-2023.xlsx,,,,,,,,,,,,,,,,,,,,,,,,,,,,,,,,
4508.0,Aug,SINGAPURA LAKE,"D (Propagation of wild life,fisheries)",5.4,7.2,758.0,4.0,2.91,4100.0,35000.0,3(BDL),172.0,3.1,5(BDL),172.0,124.0,45.0,0.4,204.0,108.0,96.0,31,70.0,530,0.2 (BDL),0.5(BDL),15.0,0.2(BDL),AUG-2023.xlsx,,,,,,,,,,,,,,,,,,,,,,,,,,,,,,,,
4509.0,Aug,NARASIPURA LAKE,"D (Propagation of wild life,fisheries)",6.5,6.9,589.0,4.0,2.26,7000.0,160000.0,3(BDL),132.0,5.2,5(BDL),132.0,96.0,44.0,0.71,160.0,84.0,76.0,24,49.0,412,0.2 (BDL),0.5(BDL),12.0,0.2(BDL),AUG-2023.xlsx,,,,,,,,,,,,,,,,,,,,,,,,,,,,,,,,
4510.0,Aug,RACHENAHALLI LAKE,"E (Irrigation, industrial cooling and controlled waste)",3.1,7.1,1209.0,17.0,4.73,4600.0,92000.0,3(BDL),280.0,5.5,5(BDL),280.0,200.0,136.0,2.7,328.0,168.0,160.0,50,108.0,840,0.58,0.5(BDL),24.0,0.28,AUG-2023.xlsx,,,,,,,,,,,,,,,,,,,,,,,,,,,,,,,,
4511.0,Aug,KOGILU KERE,"D (Propagation of wild life,fisheries)",6.4,7.0,522.0,4.0,2.0,3100.0,35000.0,3(BDL),116.0,3.1,5(BDL),116.0,84.0,40.0,0.64,140.0,76.0,64.0,21,45.0,364,0.2 (BDL),0.5(BDL),10.0,0.24,AUG-2023.xlsx,,,,,,,,,,,,,,,,,,,,,,,,,,,,,,,,
4505.0,Aug,NELAMANGALA LAKE,"D (Propagation of wild life,fisheries)",4.1,7.3,1692.0,9.0,6.0,470.0,16000.0,3(BDL),428.0,1(BDL),5(BDL),428.0,244.0,96.0,0.66,500.0,252.0,248.0,22,116.0,1136,0.41,0.5(BDL),28.0,0.31,AUG-2023.xlsx,,,,,,,,,,,,,,,,,,,,,,,,,,,,,,,,
3600.0,Aug,SHIVAPURA TANK,"E (Irrigation, industrial cooling and controlled waste)",0.3(BDL),7.0,2620.0,70.0,8.8,46000.0,540000.0,3(BDL),612.0,6.8,5(BDL),612.0,444.0,317.0,12.9,660.0,336.0,324.0,48,177.0,1836,0.63,0.5(BDL),52.0,0.26,AUG-2023.xlsx,,,,,,,,,,,,,,,,,,,,,,,,,,,,,,,,
3601.0,Aug,KARIHOBANAHALLI LAKE,"E (Irrigation,
industrial cooling and controlled waste)",0.3(BDL),6.8,2163.0,66.0,8.2,170000.0,2400000.0,3(BDL),488.0,6.1,5(BDL),488.0,368.0,300.0,11.6,544.0,276.0,268.0,39,152.0,1512,0.57,0.5(BDL),43.0,0.22,AUG-2023.xlsx,,,,,,,,,,,,,,,,,,,,,,,,,,,,,,,,
3632.0,Aug,VEERAPURA TANK,"D (Propagation of wild life,fisheries)",6.1,7.1,588.0,4.0,2.0,4600.0,92000.0,3(BDL),132.0,15.2,5(BDL),132.0,76.0,40.0,0.4,184.0,100.0,84.0,19,49.0,398,0.2 (BDL),0.5(BDL),10.0,0.26,AUG-2023.xlsx,,,,,,,,,,,,,,,,,,,,,,,,,,,,,,,,
4503.0,Aug,MADHURE TANK,"D (Propagation of
wild life,fisheries)",6,7.0,589.0,4.0,2.0,6300.0,160000.0,3(BDL),136.0,17.2,5(BDL),136.0,76.0,44.0,0.4,168.0,88.0,80.0,22,48.0,396,"0.2
(BDL)",0.5(BDL),11.0,0.27,AUG-2023.xlsx,,,,,,,,,,,,,,,,,,,,,,,,,,,,,,,,
3598.0,Aug,HEROHALLI TANK,"D (Propagation of wild life,fisheries)",4.2,7.6,1613.0,7.0,7.0,49000.0,350000.0,3(BDL),392.0,16.6,5(BDL),392.0,248.0,76.0,0.91,348.0,180.0,168.0,28,159.0,1128,1,0.5(BDL),26.0,0.2(BDL),AUG-2023.xlsx,,,,,,,,,,,,,,,,,,,,,,,,,,,,,,,,
4512.0,Aug,VISWANEEDAM LAKE,"E (Irrigation, industrial cooling and controlled
waste)",0.3(BDL),7.3,1438.0,186.0,6.0,8400.0,92000.0,3(BDL),360.0,5.7,5(BDL),360.0,204.0,665.0,22.0,372.0,192.0,180.0,42,127.0,1006,1.41,0.5(BDL),24.0,0.2(BDL),AUG-2023.xlsx,,,,,,,,,,,,,,,,,,,,,,,,,,,,,,,,
5558.0,Aug,"Kannahalli Lake Kannahalli, Bengaluru","E (Irrigation, industrial cooling and controlled
waste)",1.3,7.2,1688.0,24.0,7.0,170.0,3500.0,3(BDL),416.0,11.6,5(BDL),416.0,232.0,162.0,2.5,368.0,188.0,180.0,25,183.0,1164,0.93,0.5(BDL),27.0,0.2(BDL),AUG-2023.xlsx,,,,,,,,,,,,,,,,,,,,,,,,,,,,,,,,
4097.0,Aug,KACHOHALLI LAKE,"E (Irrigation,
industrial cooling and controlled waste)",0.3(BDL),7.4,1687.0,124.0,7.0,7000.0,160000.0,3(BDL),376.0,9.8,5(BDL),376.0,224.0,480.0,13.2,324.0,168.0,156.0,34,170.0,1180,1.7,0.5(BDL),26.0,0.2(BDL),AUG-2023.xlsx,,,,,,,,,,,,,,,,,,,,,,,,,,,,,,,,
4538.0,Aug,MACHOHALLI LAKE,"E (Irrigation, industrial cooling and controlled
waste)",0.3(BDL),7.3,1565.0,225.0,6.0,2300.0,24000.0,3(BDL),376.0,7.1,5(BDL),376.0,220.0,752.0,24.2,324.0,164.0,160.0,23,150.0,1094,1.6,0.5(BDL),24.0,0.2(BDL),AUG-2023.xlsx,,,,,,,,,,,,,,,,,,,,,,,,,,,,,,,,
4094.0,Aug,GANGONDANAHALLI LAKE,"E (Irrigation,
industrial cooling and controlled waste)",0.3(BDL),7.3,1589.0,105.0,6.0,9400.0,54000.0,3(BDL),468.0,11,5(BDL),468.0,244.0,442.0,14.3,360.0,184.0,176.0,53,151.0,1112,3,0.5(BDL),23.0,0.2(BDL),AUG-2023.xlsx,,,,,,,,,,,,,,,,,,,,,,,,,,,,,,,,
4514.0,Aug,SADARAMANGALA LAKE,"D (Propagation of wild life,fisheries)",4.7,6.9,566.0,9.0,1.1,1300.0,24000.0,3(BDL),160.0,3.1,5(BDL),160.0,116.0,115.0,0.4,196.0,108.0,88.0,7,66.0,390,0.2 (BDL),0.5(BDL),7.0,0.2(BDL),AUG-2023.xlsx,,,,,,,,,,,,,,,,,,,,,,,,,,,,,,,,
4518.0,Aug,GARUDACHARPALYA TANK,"D (Propagation of wild life,fisheries)",4.4,6.8,535.0,6.0,1.0,3900.0,54000.0,3(BDL),156.0,2.6,5(BDL),156.0,124.0,75.0,0.4,176.0,104.0,72.0,6,68.0,380,0.2 (BDL),0.5(BDL),7.0,0.2(BDL),AUG-2023.xlsx,,,,,,,,,,,,,,,,,,,,,,,,,,,,,,,,
5562.0,Aug,"MahadevpuraÂ  Lake, K. R. Pura","D (Propagation of wild life,fisheries)",4.6,8.2,569.0,7.0,0.92,2200.0,24000.0,3(BDL),136.0,4.6,5(BDL),136.0,120.0,80.0,0.4,156.0,84.0,72.0,7,50.0,390,0.2 (BDL),0.5(BDL),5.0,0.2(BDL),AUG-2023.xlsx,,,,,,,,,,,,,,,,,,,,,,,,,,,,,,,,
3610.0,Aug,TUBARAHALLI TANK,"D (Propagation of wild life,fisheries)",4.4,6.9,784.0,9.0,1.4,580.0,16000.0,3(BDL),236.0,5.2,5(BDL),236.0,212.0,104.0,0.4,264.0,140.0,124.0,8,42.0,540,0.22,0.5(BDL),11.0,0.24,AUG-2023.xlsx,,,,,,,,,,,,,,,,,,,,,,,,,,,,,,,,
4516.0,Aug,KUNDALAHALLI LAKE,"D (Propagation of wild life,fisheries)",4.8,7.0,1465.0,9.0,3.8,480.0,16000.0,3(BDL),280.0,5.8,5(BDL),280.0,268.0,116.0,0.4,412.0,212.0,200.0,18,143.0,998,1.45,0.5(BDL),19.0,0.25,AUG-2023.xlsx,,,,,,,,,,,,,,,,,,,,,,,,,,,,,,,,
5561.0,Aug,"Munekolalu Lake ,Marathahalli, East Taluka ,Bengaluru","D (Propagation of wild life,fisheries)",4.8,6.8,779.0,6.0,1.5,3100.0,35000.0,3(BDL),200.0,6.1,5(BDL),200.0,192.0,75.0,0.4,268.0,140.0,128.0,8,70.0,530,0.2 (BDL),0.5(BDL),8.0,0.26,AUG-2023.xlsx,,,,,,,,,,,,,,,,,,,,,,,,,,,,,,,,
4520.0,Aug,CHINNAPPANAHALLI LAKE,"D (Propagation of wild life,fisheries)",4.4,7.1,650.0,6.0,1.44,1700.0,24000.0,3(BDL),168.0,6,5(BDL),168.0,156.0,79.0,0.4,180.0,96.0,84.0,8,69.0,446,0.2 (BDL),0.5(BDL),5.0,0.39,AUG-2023.xlsx,,,,,,,,,,,,,,,,,,,,,,,,,,,,,,,,
4531.0,Aug,RAYASANDRA LAKE,"E (Irrigation, industrial cooling and controlled waste)",0.3(BDL),8.2,2186.0,23.0,8.0,2200.0,92000.0,3(BDL),396.0,8.1,5(BDL),396.0,320.0,271.0,0.4,476.0,244.0,232.0,34,131.0,1490,1.3,0.5(BDL),28.0,0.2(BDL),AUG-2023.xlsx,,,,,,,,,,,,,,,,,,,,,,,,,,,,,,,,
4107.0,Aug,"RIVER DAKSHINA PINAKINI NEAR MUGALUR BRIDGE MUGALUR, BENGALURU","E (Irrigation, industrial cooling and controlled
waste)",0.3(BDL),7.2,1544.0,30.0,4.0,460000.0,16000000.0,3(BDL),292.0,8,5(BDL),292.0,127.0,330.0,8.3,356.0,188.0,168.0,25,127.0,1050,0.24,0.5(BDL),16.0,0.21,AUG-2023.xlsx,,,,,,,,,,,,,,,,,,,,,,,,,,,,,,,,
4522.0,Aug,VIBHUTHIPURA LAKE,"E (Irrigation, industrial cooling and controlled waste)",1.8,7.7,767.0,15.0,2.0,4600.0,54000.0,3(BDL),180.0,52.4,5(BDL),180.0,104.0,128.0,1.2,172.0,92.0,80.0,12,69.0,520,1,0.5(BDL),23.0,0.23,AUG-2023.xlsx,,,,,,,,,,,,,,,,,,,,,,,,,,,,,,,,
3608.0,Aug,VARTHUR LAKE,"E (Irrigation, industrial cooling and controlled waste)",0.3(BDL),6.5,1157.0,52.0,3.0,17000000.0,24000000.0,3(BDL),320.0,42.4,5(BDL),320.0,164.0,340.0,20.0,232.0,120.0,112.0,31,82.0,786,0.35,0.5(BDL),24.0,0.23,AUG-2023.xlsx,,,,,,,,,,,,,,,,,,,,,,,,,,,,,,,,
4527.0,Aug,SHEELAVANTA-WHITEFIELD LAKE,"D (Propagation of wild life,fisheries)",4.2,7.8,1060.0,10.0,3.0,4900.0,160000.0,3(BDL),168.0,19.1,5(BDL),168.0,200.0,92.0,0.71,248.0,128.0,120.0,102,84.0,720,1,0.5(BDL),16.0,0.2(BDL),AUG-2023.xlsx,,,,,,,,,,,,,,,,,,,,,,,,,,,,,,,,
4524.0,Aug,PATTANDUR AGRAHARA LAKE,"D (Propagation of
wild life,fisheries)",4.8,6.8,1576.0,6.0,4.0,480.0,9200.0,3(BDL),280.0,20.2,5(BDL),280.0,344.0,56.0,0.4,372.0,192.0,180.0,32,124.0,1072,1,0.5(BDL),35.0,0.2(BDL),AUG-2023.xlsx,,,,,,,,,,,,,,,,,,,,,,,,,,,,,,,,
4523.0,Aug,NALLURAHALLI LAKE,"D (Propagation of wild life,fisheries)",5.2,6.8,1571.0,6.0,4.0,310.0,16000.0,3(BDL),276.0,18.6,5(BDL),276.0,320.0,52.0,0.4,344.0,176.0,168.0,28,116.0,1068,0.81,0.5(BDL),35.0,0.23,AUG-2023.xlsx,,,,,,,,,,,,,,,,,,,,,,,,,,,,,,,,
5560.0,Aug,"Hoodi (Rajapalya Lake) Itpl Main Road, Near Hoodi,Bengaluru","D (Propagation of wild life,fisheries)",5.3,7.1,1620.0,5.0,4.0,3300.0,35000.0,3(BDL),328.0,6.2,5(BDL),328.0,276.0,44.0,0.4,128.0,68.0,60.0,121,99.0,1102,0.49,0.5(BDL),7.0,0.25,AUG-2023.xlsx,,,,,,,,,,,,,,,,,,,,,,,,,,,,,,,,
4525.0,Aug,SEETHARAMPALYA LAKE,"D (Propagation of wild life,fisheries)",4.1,6.6,588.0,10.0,2.0,4000.0,54000.0,3(BDL),96.0,28.8,5(BDL),96.0,112.0,88.0,0.4,172.0,92.0,80.0,25,57.0,398,0.68,0.5(BDL),14.0,0.2(BDL),AUG-2023.xlsx,,,,,,,,,,,,,,,,,,,,,,,,,,,,,,,,
4096.0,Aug,ANDHRAHALLI LAKE,"E (Irrigation, industrial cooling and controlled waste)",0.8,7.3,1258.0,18.0,4.9,4600.0,92000.0,3(BDL),408.0,32.4,5(BDL),408.0,176.0,120.0,3.4,408.0,208.0,200.0,47,145.0,858,2.5,0.5(BDL),31.0,0.2(BDL),AUG-2023.xlsx,,,,,,,,,,,,,,,,,,,,,,,,,,,,,,,,
4540.0,Aug,KAMMAGONDANAHALLI LAKE,"E (Irrigation, industrial cooling and controlled waste)",0.8,7.0,874.0,18.0,4.2,2200000.0,24000000.0,3(BDL),316.0,28.6,5(BDL),316.0,56.0,116.0,2.5,340.0,176.0,164.0,26,127.0,602,0.23,0.5(BDL),29.0,0.2(BDL),AUG-2023.xlsx,,,,,,,,,,,,,,,,,,,,,,,,,,,,,,,,
3606.0,Aug,DASARAHALLI TANK,"D (Propagation of wild life,fisheries)",5.6,7.0,626.0,7.0,1.3,4000.0,160000.0,3(BDL),96.0,10.8,5(BDL),,,62.0,0.97,100.0,56.0,44.0,27,44.0,420,0.3,0.5(BDL),15.0,0.2(BDL),AUG-2023.xlsx,,,,,,,,,,,,,,,,,,,,,,,,,,,,,,,,
4539.0,Aug,DODDABIDARAKALLU LAKE,"E (Irrigation, industrial cooling and controlled waste)",0.5,7.0,1096.0,18.0,5.2,1700.0,35000.0,3(BDL),356.0,22.6,5(BDL),,,122.0,2.8,356.0,184.0,172.0,50,153.0,748,3.1,0.5(BDL),32.0,0.2(BDL),AUG-2023.xlsx,,,,,,,,,,,,,,,,,,,,,,,,,,,,,,,,
3599.0,Aug,ANCHEPALYA LAKE,"D (Propagation of wild life,fisheries)",4.6,6.8,343.0,8.0,1.3,480.0,16000.0,3(BDL),96.0,11.2,5(BDL),96.0,28.0,80.0,0.97,124.0,68.0,56.0,27,38.0,230,0.2 (BDL),0.5(BDL),16.0,0.27,AUG-2023.xlsx,,,,,,,,,,,,,,,,,,,,,,,,,,,,,,,,
4541.0,Aug,ALUR LAKE,"D (Propagation of wild life,fisheries)",5.5,7.3,340.0,7.0,1.2,470.0,16000.0,3(BDL),116.0,6.4,5(BDL),116.0,32.0,70.0,0.74,124.0,68.0,56.0,11,43.0,230,0.2 (BDL),0.5(BDL),15.0,0.22,AUG-2023.xlsx,,,,,,,,,,,,,,,,,,,,,,,,,,,,,,,,
4095.0,Aug,CHIKKABANAVARA LAKE,"D (Propagation of wild life,fisheries)",5.3,6.7,405.0,7.3,1.5,330.0,5400.0,3(BDL),92.0,6.8,5(BDL),92.0,28.0,68.0,0.7,128.0,64.0,64.0,29,51.0,278,0.2 (BDL),0.5(BDL),15.0,0.2(BDL),AUG-2023.xlsx,,,,,,,,,,,,,,,,,,,,,,,,,,,,,,,,
4513.0,Aug,RAMAMMANA KERE,"D (Propagation of wild life,fisheries)",5.4,7.3,603.0,7.0,1.1,390.0,16000.0,3(BDL),112.0,7.4,,,,69.0,0.68,132.0,72.0,60.0,10,41.0,412,0.2 (BDL),0.5(BDL),18.0,0.2(BDL),AUG-2023.xlsx,,,,,,,,,,,,,,,,,,,,,,,,,,,,,,,,
2778.0,Aug,RIVER ARKAVATHI AT TIPPAGONDANAHALLI RESERVOIR,"D (Propagation of wild life,fisheries)",4,7.4,2082.0,8.0,8.0,31.0,350.0,3(BDL),212.0,1.6,5(BDL),212.0,180.0,84.0,0.63,328.0,168.0,160.0,27,194.0,1456,1.21,0.5(BDL),21.0,0.3,AUG-2023.xlsx,,,,,,,,,,,,,,,,,,,,,,,,,,,,,,,,
3597.0,Aug,HESARAGHATTA LAKE,"D (Propagation of wild life,fisheries)",4.8,7.2,402.0,7.0,1.4,320.0,9200.0,3(BDL),156.0,6.4,5(BDL),156.0,72.0,66.0,0.7,120.0,64.0,56.0,10,39.0,296,0.2 (BDL),0.5(BDL),16.0,0.28,AUG-2023.xlsx,,,,,,,,,,,,,,,,,,,,,,,,,,,,,,,,
5559.0,Aug,"Shettihalli Lake, Mallasandra Gudde Lake Bengaluru","E (Irrigation, industrial cooling and controlled waste)",3.2,7.2,1193.0,17.0,4.0,4900.0,92000.0,3(BDL),276.0,4.4,5(BDL),276.0,136.0,124.0,1.6,280.0,148.0,132.0,35,188.0,794,1,0.5(BDL),17.0,0.2(BDL),AUG-2023.xlsx,,,,,,,,,,,,,,,,,,,,,,,,,,,,,,,,
3607.0,Aug,KALKERE TANK,"D (Propagation of wild life,fisheries)",4.1,7.3,590.0,12.0,1.7,41000.0,350000.0,3(BDL),168.0,22.9,5(BDL),168.0,88.0,116.0,0.94,156.0,84.0,72.0,9,58.0,404,0.25,0.5(BDL),7.0,0.27,AUG-2023.xlsx,,,,,,,,,,,,,,,,,,,,,,,,,,,,,,,,
4519.0,Aug,RAMPURA LAKE,"E (Irrigation, industrial cooling and controlled waste)",0.3(BDL),7.2,2231.0,23.0,6.8,34000.0,240000.0,3(BDL),632.0,32.1,5(BDL),632.0,348.0,189.0,4.2,616.0,316.0,300.0,36,215.0,1520,0.93,0.5(BDL),28.0,0.62,AUG-2023.xlsx,,,,,,,,,,,,,,,,,,,,,,,,,,,,,,,,
4535.0,Aug,GUBBALAL LAKE,"E (Irrigation,
industrial cooling and controlled waste)",0.3(BDL),6.5,645.0,124.0,3.0,4600.0,35000.0,3(BDL),120.0,76.2,5(BDL),120.0,72.0,418.0,16.8,232.0,120.0,112.0,75,59.0,444,0.2 (BDL),0.5(BDL),21.0,0.3,AUG-2023.xlsx,,,,,,,,,,,,,,,,,,,,,,,,,,,,,,,,
3633.0,Aug,SUBRAMANYAPURA TANK,"D (Propagation of wild life,fisheries)",7.2,7.5,903.0,15.0,3.0,4700.0,92000.0,3(BDL),240.0,21.4,5(BDL),240.0,116.0,128.0,1.7,208.0,120.0,88.0,51,138.0,614,0.37,0.5(BDL),15.0,0.43,AUG-2023.xlsx,,,,,,,,,,,,,,,,,,,,,,,,,,,,,,,,
3634.0,Aug,DEVARAKERE TANK,"D (Propagation of wild life,fisheries)",5.4,8.0,431.0,7.0,2.0,4800.0,160000.0,3(BDL),120.0,34,5(BDL),120.0,40.0,68.0,0.8,140.0,76.0,64.0,5(BDL),64.0,296,0.2 (BDL),0.5(BDL),9.0,0.2(BDL),AUG-2023.xlsx,,,,,,,,,,,,,,,,,,,,,,,,,,,,,,,,
4534.0,Aug,SOMPURA LAKE,"D (Propagation of
wild life,fisheries)",4.5,7.6,855.0,8.0,3.0,4100.0,54000.0,3(BDL),228.0,26,5(BDL),228.0,128.0,80.0,0.48,212.0,112.0,100.0,42,118.0,558,0.35,0.5(BDL),17.0,0.37,AUG-2023.xlsx,,,,,,,,,,,,,,,,,,,,,,,,,,,,,,,,
3641.0,Aug,DHOREKERE TANK,"D (Propagation of wild life,fisheries)",4.2,8.0,517.0,5.0,2.0,4300.0,92000.0,3(BDL),120.0,57,5(BDL),120.0,44.0,48.0,0.5,292.0,152.0,140.0,9,73.0,356,0.3,0.5(BDL),10.0,0.2(BDL),AUG-2023.xlsx,,,,,,,,,,,,,,,,,,,,,,,,,,,,,,,,
3640.0,Aug,UTTARAHALLI DORAIKERE,"E (Irrigation, industrial cooling and controlled
waste)",0.3(BDL),7.7,471.0,170.0,2.0,4900.0,35000.0,3(BDL),104.0,38,5(BDL),104.0,52.0,594.0,2.1,178.0,80.0,68.0,13,76.0,324,0.2 (BDL),0.5(BDL),11.0,0.2(BDL),AUG-2023.xlsx,,,,,,,,,,,,,,,,,,,,,,,,,,,,,,,,
1388.0,Dec,"ULSOOR LAKE TRAINING
CENTRE OF FISH BREEDING","D (Propagation of wild life,fisheries)",4.6,8.0,332.0,8.0,1.15,4000.0,54000.0,,,,,64.0,44.0,96.0,0.84,88.0,52.0,36.0,16,46.0,222.0,0.2(BDL),0.5(BDL),,0.2(BDL),DEC-2023.xlsx,,3(BDL),64.0,28.2,5(BDL),1.5(BDL),32,13.0,49.0,2.0,0.1,,,,,,,,,,,,,,,,,,,,,
2778.0,Dec,RIVER ARKAVATHI AT TIPPAGONDANAHALLI RESERVOIR,"E (Irrigation, industrial cooling and controlled waste)",1.8,7.5,1374.0,21.0,5.3,46000.0,350000.0,,,,,320.0,232.0,168.0,8.6,372.0,192.0,180.0,56,118.0,952.0,0.77,0.5(BDL),,0.26,DEC-2023.xlsx,1600.0,3(BDL),320.0,7.1,5(BDL),10.9,10(BDL),27.0,38.0,2.7,2.1,,,,,,,,,,,,,,,,,,,,,
3589.0,Dec,MADIWALA TANK,"E (Irrigation, industrial cooling and controlled waste)",3.1,6.8,616.0,11.0,2.0,480.0,16000.0,,,,,96.0,92.0,104.0,0.91,232.0,120.0,112.0,33,58.0,425.0,0.2(BDL),0.5(BDL),,0.27,DEC-2023.xlsx,,3(BDL),96.0,2.0,5(BDL),1.5(BDL),10(BDL),29.0,32.0,2.0,0.05(BDL),,,,,,,,,,,,,,,,,,,,,
3590.0,Dec,LALBAGH TANK,"D (Propagation of wild life,fisheries)",6.6,8.4,448.0,6.0,2.0,4600.0,54000.0,,,,,124.0,68.0,56.0,0.41,236.0,124.0,112.0,8,37.0,304.0,0.2(BDL),0.5(BDL),,0.4,DEC-2023.xlsx,,24,112.0,8.9,5(BDL),1.5(BDL),12,2.0,25.0,1.04,0.05(BDL),,,,,,,,,,,,,,,,,,,,,
3591.0,Dec,KEMPAMBUDHI TANK,"E (Irrigation, industrial cooling and controlled waste)",3.2,7.3,462.0,15.0,1.77,2700.0,24000.0,,,,,172.0,72.0,121.0,3.8,120.0,64.0,56.0,19,37.0,320.0,0.34,0.5(BDL),,0.26,DEC-2023.xlsx,,3(BDL),172.0,39.4,5(BDL),4.7,48,9.0,37.0,1.5,0.94,,,,,,,,,,,,,,,,,,,,,
3592.0,Dec,YEDIYUR TANK,"D (Propagation of wild life,fisheries)",4.7,6.8,271.0,5.0,1.04,2700.0,24000.0,,,,,60.0,40.0,121.0,0.76,68.0,40.0,28.0,11,22.0,186.0,0.2(BDL),0.5(BDL),,0.2(BDL),DEC-2023.xlsx,,3(BDL),60.0,12.3,5(BDL),1.5(BDL),16,5.0,39.0,1.2,0.05(BDL),,,,,,,,,,,,,,,,,,,,,
3593.0,Dec,ULSOOR LAKE TEMPLE,"D (Propagation of wild life,fisheries)",5,8.1,333.0,7.0,1.16,3100.0,35000.0,,,,,72.0,40.0,84.0,0.89,80.0,48.0,32.0,16,46.0,224.0,0.2(BDL),0.5(BDL),,0.2(BDL),DEC-2023.xlsx,,3(BDL),72.0,32.6,5(BDL),1.5(BDL),40,14.0,51.0,2.0,0.17,,,,,,,,,,,,,,,,,,,,,
3594.0,Dec,SANKEY TANK,"D (Propagation of wild life,fisheries)",4.4,7.76,491.0,8.0,1.1,480.0,16000.0,,,,,168.0,76.0,96.0,0.4,192.0,100.0,92.0,21,38.0,336.0,0.2(BDL),0.5(BDL),,0.26,DEC-2023.xlsx,,3(BDL),168.0,4.2,5(BDL),1.5(BDL),10(BDL),4.0,30.0,1.1,0.05(BDL),,,,,,,,,,,,,,,,,,,,,
3595.0,Dec,BYRASANDRA TANK,"E (Irrigation, industrial cooling and controlled waste)",3.1,6.9,459.0,16.0,2.0,7000.0,92000.0,,,,,100.0,40.0,112.0,1.7,112.0,64.0,48.0,19,49.0,312.0,0.5,0.5(BDL),,0.2(BDL),DEC-2023.xlsx,,3(BDL),100.0,20.1,5(BDL),2.26,24,13.0,45.0,2.0,1.2,,,,,,,,,,,,,,,,,,,,,
3596.0,Dec,NAYANDANAHALLI TANK,"E (Irrigation, industrial cooling and controlled waste)",1.2,7.2,902.0,40.0,3.1,940.0,16000.0,,,,,208.0,140.0,192.0,6.9,260.0,136.0,124.0,32,107.0,608.0,1.08,0.5(BDL),,0.21,DEC-2023.xlsx,,3(BDL),208.0,1.2,5(BDL),9,10(BDL),27.0,44.0,4.0,2.9,,,,,,,,,,,,,,,,,,,,,
3597.0,Dec,HESARAGHATTA LAKE,"D (Propagation of wild life,fisheries)",4.3,7.8,281.0,9.0,1.8,700.0,9200.0,,,,,80.0,40.0,91.0,0.92,72.0,44.0,28.0,5(BDL),29.0,194.0,0.2(BDL),0.5(BDL),,0.2(BDL),DEC-2023.xlsx,,3(BDL),80.0,4.3,5(BDL),1.5(BDL),10(BDL),4.0,44.0,1.4,0.05(BDL),,,,,,,,,,,,,,,,,,,,,
3598.0,Dec,HEROHALLI TANK,"D (Propagation of wild life,fisheries)",4.3,7.5,390.0,5.0,0.85,7000.0,92000.0,,,,,124.0,72.0,67.0,0.4,136.0,68.0,68.0,5(BDL),41.0,268.0,0.2(BDL),0.5(BDL),,0.2(BDL),DEC-2023.xlsx,,3(BDL),124.0,5.8,5(BDL),1.5(BDL),10(BDL),3.0,39.0,1.0,0.05(BDL),,,,,,,,,,,,,,,,,,,,,
3599.0,Dec,ANCHEPALYA LAKE,"D (Propagation of wild life,fisheries)",4.2,7.2,386.0,7.0,0.96,6300.0,54000.0,,,,,112.0,76.0,83.0,0.96,136.0,76.0,60.0,5(BDL),42.0,270.0,0.2(BDL),0.5(BDL),,0.2(BDL),DEC-2023.xlsx,,3(BDL),112.0,5.3,5(BDL),1.5(BDL),10(BDL),3.0,39.0,1.13,0.05(BDL),,,,,,,,,,,,,,,,,,,,,
3600.0,Dec,SHIVAPURA TANK,"D (Propagation of wild life,fisheries)",4.1,8.2,589.0,10.0,2.0,4300.0,54000.0,,,,,144.0,88.0,120.0,0.92,120.0,64.0,56.0,19,49.0,400.0,0.46,0.5(BDL),,0.21,DEC-2023.xlsx,,3(BDL),144.0,31.2,5(BDL),1.5(BDL),40,4.0,45.0,1.9,1.4,,,,,,,,,,,,,,,,,,,,,
3601.0,Dec,KARIHOBANAHALLI LAKE,"D (Propagation of wild life,fisheries)",4.3,7.06,2137.0,9.0,7.4,31000.0,350000.0,,,,,476.0,400.0,107.0,0.42,500.0,256.0,244.0,35,132.0,1458.0,0.2(BDL),0.5(BDL),,0.39,DEC-2023.xlsx,,3(BDL),476.0,6.3,5(BDL),1.5(BDL),10(BDL),16.0,36.0,2.6,0.32,,,,,,,,,,,,,,,,,,,,,
3602.0,Dec,BELLANDUR LAKE,"D (Propagation of wild life,fisheries)",4.2,7.5,1061.0,7.0,4.1,2200.0,24000.0,,,,,348.0,116.0,68.0,0.9,428.0,220.0,208.0,10,112.0,734.0,1.6,0.5(BDL),,0.44,DEC-2023.xlsx,,3(BDL),348.0,7.6,5(BDL),1.5(BDL),10(BDL),31.0,34.0,2.4,2.6,,,,,,,,,,,,,,,,,,,,,
3603.0,Dec,VENGAIYYANAKERE ( KR PURAM LAKE ),"E (Irrigation, industrial cooling and controlled waste)",3.3,6.9,1463.0,13.0,5.6,9400.0,160000.0,,,,,340.0,244.0,115.0,1.8,396.0,204.0,192.0,59,127.0,1012.0,1.23,0.5(BDL),,0.52,DEC-2023.xlsx,,3(BDL),340.0,7.7,5(BDL),2.2,10(BDL),29.0,39.0,2.79,3.4,,,,,,,,,,,,,,,,,,,,,
3604.0,Dec,DODDANEKKUNDI LAKE,"D (Propagation of wild life,fisheries)",4.6,7.2,1714.0,8.0,7.0,2300.0,24000.0,,,,,252.0,324.0,92.0,0.96,364.0,188.0,176.0,19,161.0,1164.0,0.31,0.5(BDL),,0.42,DEC-2023.xlsx,,3(BDL),252.0,2.1,5(BDL),1.5(BDL),10(BDL),13.0,47.0,4.0,0.95,,,,,,,,,,,,,,,,,,,,,
3605.0,Dec,"YELEMALLAPPA
SHETTY LAKE","E (Irrigation, industrial cooling and controlled waste)",1,7.5,1315.0,18.0,5.0,490.0,16000.0,,,,,332.0,164.0,140.0,4.8,268.0,140.0,128.0,24,118.0,894.0,1.86,0.5(BDL),,0.46,DEC-2023.xlsx,,3(BDL),332.0,21.2,5(BDL),6.24,28,10.0,47.0,3.0,5.71,,,,,,,,,,,,,,,,,,,,,
3606.0,Dec,DASARAHALLI TANK,"D (Propagation of wild life,fisheries)",4.4,7.5,424.0,6.0,0.92,58000.0,160000.0,,,,,116.0,108.0,74.0,0.6,124.0,72.0,52.0,7,39.0,286.0,0.2(BDL),0.5(BDL),,0.2(BDL),DEC-2023.xlsx,,3(BDL),116.0,6.3,5(BDL),1.5(BDL),10(BDL),4.2,39.0,2.0,0.05(BDL),,,,,,,,,,,,,,,,,,,,,
3607.0,Dec,KALKERE TANK,"E (Irrigation, industrial cooling and controlled waste)",2.3,7.9,926.0,17.0,3.0,70000.0,350000.0,,,,,256.0,188.0,,2.4,76.0,44.0,32.0,36,95.0,640.0,1,0.5(BDL),,0.26,DEC-2023.xlsx,,3(BDL),256.0,16.6,5(BDL),3.1,10(BDL),17.0,67.0,4.7,2.5,,,,,,,,,,,,,,,,,,,,,
3608.0,Dec,VARTHUR LAKE,"E (Irrigation, industrial cooling and controlled waste)",1.2,6.8,1248.0,21.0,4.8,40000.0,350000.0,,,,,284.0,208.0,164.0,6.4,336.0,172.0,164.0,51,112.0,860.0,1.07,0.5(BDL),,0.42,DEC-2023.xlsx,,3(BDL),284.0,6.2,5(BDL),8.3,10(BDL),25.0,41.0,2.7,2.67,,,,,,,,,,,,,,,,,,,,,
3609.0,Dec,IBBALUR LAKE,"D (Propagation of wild life,fisheries)",4.2,7.3,588.0,8.0,,9400.0,54000.0,,,,,88.0,52.0,72.0,0.9,148.0,80.0,68.0,10,48.0,432.0,0.21,0.5(BDL),,0.2(BDL),DEC-2023.xlsx,,3(BDL),88.0,5.1,5(BDL),1.5(BDL),10(BDL),22.0,49.0,1.7,0.6,,,,,,,,,,,,,,,,,,,,,
3610.0,Dec,TUBARAHALLI TANK,"D (Propagation of wild life,fisheries)",6.2,7.8,571.0,4.0,2.0,6300.0,92000.0,,,,,88.0,104.0,40.0,0.61,92.0,52.0,40.0,23,47.0,388.0,0.2(BDL),0.5(BDL),,0.26,DEC-2023.xlsx,,3(BDL),88.0,31.2,5(BDL),1.5(BDL),10(BDL),4.0,50.0,1.8,0.05(BDL),,,,,,,,,,,,,,,,,,,,,
3611.0,Dec,KAIKONDANAHALLI LAKE,"E (Irrigation, industrial cooling and controlled waste)",2.9,7.2,1886.0,18.0,7.2,79000.0,350000.0,,,,,436.0,320.0,133.0,4.9,516.0,264.0,252.0,76,151.0,1314.0,0.59,0.5(BDL),,0.48,DEC-2023.xlsx,,3(BDL),436.0,13.0,5(BDL),6.4,10(BDL),38.0,37.0,3.0,1.69,,,,,,,,,,,,,,,,,,,,,
3612.0,Dec,AGARAM LAKE,"D (Propagation of wild life,fisheries)",5.3,7.3,802.0,5.0,2.8,700.0,16000.0,,,,,72.0,156.0,49.0,0.78,128.0,68.0,60.0,41,85.0,420.0,0.2(BDL),0.5(BDL),,0.22,DEC-2023.xlsx,,3(BDL),72.0,4.9,5(BDL),1.5(BDL),10(BDL),26.0,53.0,3.3,0.6,,,,,,,,,,,,,,,,,,,,,
3613.0,Dec,GOTTIGERE LAKE,"D (Propagation of wild life,fisheries)",6.1,7.8,788.0,4.0,3.0,340.0,5400.0,,,,,148.0,156.0,48.0,0.4,108.0,60.0,48.0,8,107.0,530.0,0.2(BDL),0.5(BDL),,0.2(BDL),DEC-2023.xlsx,,3(BDL),148.0,2.3,5(BDL),1.5(BDL),10(BDL),59.0,56.0,4.0,0.23,,,,,,,,,,,,,,,,,,,,,
3614.0,Dec,PUTTENAHALLI LAKE,"D (Propagation of wild life,fisheries)",5.6,7.7,534.0,6.0,2.15,480.0,16000.0,,,,,120.0,76.0,60.0,0.4,112.0,48.0,64.0,25,55.0,368.0,0.2(BDL),0.5(BDL),,0.24,DEC-2023.xlsx,,3(BDL),120.0,6.5,5(BDL),1.5(BDL),10(BDL),27.0,45.0,2.0,0.05(BDL),,,,,,,,,,,,,,,,,,,,,
3615.0,Dec,ARAKERE LAKE,"E (Irrigation, industrial cooling and controlled waste)",3,7.0,448.0,29.0,2.0,4600.0,35000.0,,,,,84.0,56.0,172.0,2.9,104.0,56.0,48.0,17,43.0,308.0,0.2(BDL),0.5(BDL),,0.27,DEC-2023.xlsx,,3(BDL),84.0,26.4,5(BDL),3.7,34,20.0,42.0,2.0,0.15,,,,,,,,,,,,,,,,,,,,,
3616.0,Dec,KALENA AGRAHARA LAKE,"D (Propagation of wild life,fisheries)",4.2,7.4,539.0,13.0,2.0,490.0,5400.0,,,,,132.0,52.0,116.0,0.94,132.0,72.0,60.0,11,52.0,370.0,0.2(BDL),0.5(BDL),,0.27,DEC-2023.xlsx,,3(BDL),132.0,25.5,5(BDL),1.5(BDL),30,25.0,58.0,2.0,0.05(BDL),,,,,,,,,,,,,,,,,,,,,
3617.0,Dec,HULIMAVU LAKE,"E (Irrigation, industrial cooling and controlled waste)",2.4,6.8,610.0,29.0,2.0,700.0,16000.0,,,,,128.0,80.0,176.0,3.0,132.0,72.0,60.0,8,58.0,420.0,0.29,0.5(BDL),,0.26,DEC-2023.xlsx,,3(BDL),128.0,30.5,5(BDL),3.9,40,28.0,44.0,2.0,0.58,,,,,,,,,,,,,,,,,,,,,
3618.0,Dec,SINGASANDRA LAKE,"E (Irrigation, industrial cooling and controlled waste)",2.6,6.9,625.0,8.0,2.2,480.0,5400.0,,,,,144.0,96.0,76.0,2.4,124.0,68.0,56.0,,69.0,450.0,0.3,0.5(BDL),,0.26,DEC-2023.xlsx,,3(BDL),144.0,10.4,5(BDL),2.6,14,22.0,46.0,22.0,0.7,,,,,,,,,,,,,,,,,,,,,
3619.0,Dec,BEGUR TANK,"E (Irrigation, industrial cooling and controlled waste)",2.5,6.9,540.0,35.0,2.0,790.0,9200.0,,,,,120.0,92.0,184.0,3.0,124.0,68.0,56.0,32,43.0,372.0,0.2(BDL),0.5(BDL),,0.25,DEC-2023.xlsx,,3(BDL),120.0,3.2,5(BDL),3.9,50,20.0,38.0,2.0,0.31,,,,,,,,,,,,,,,,,,,,,
3620.0,Dec,"PARAPPANA
AGRAHARA LAKE","E (Irrigation, industrial cooling and controlled waste)",2.6,7.5,863.0,8.0,3.6,23000.0,240000.0,,,,,200.0,136.0,83.0,1.7,196.0,104.0,92.0,33,104.0,596.0,2.2,0.5(BDL),,0.38,DEC-2023.xlsx,,3(BDL),200.0,12.2,5(BDL),2.2,16,29.0,49.0,3.2,4,,,,,,,,,,,,,,,,,,,,,
3621.0,Dec,HARALUR LAKE,"E (Irrigation, industrial cooling and controlled waste)",3.1,6.8,905.0,16.0,,4600.0,92000.0,,,,,208.0,148.0,120.0,4.2,244.0,128.0,116.0,37,86.0,630.0,0.55,0.5(BDL),,0.38,DEC-2023.xlsx,,3(BDL),208.0,41.2,5(BDL),5.3,52,18.0,41.0,2.4,1.58,,,,,,,,,,,,,,,,,,,,,
3622.0,Dec,SOMASUNDRAPALYA LAKE,"D (Propagation of wild life,fisheries)",4.8,7.8,748.0,6.0,3.2,430.0,5400.0,,,,,172.0,160.0,55.0,0.76,116.0,64.0,51.0,9,91.0,518.0,0.2(BDL),0.5(BDL),,0.31,DEC-2023.xlsx,,3(BDL),172.0,10.2,5(BDL),1.5(BDL),12,30.0,50.0,3.7,0.4,,,,,,,,,,,,,,,,,,,,,
3623.0,Dec,ANEKAL DODDAKERE TANK,"D (Propagation of wild life,fisheries)",4.7,7.1,827.0,8.0,3.3,2700.0,24000.0,,,,,220.0,148.0,79.0,0.83,204.0,108.0,96.0,5(BDL),99.0,536.0,0.2(BDL),0.5(BDL),,0.2(BDL),DEC-2023.xlsx,,3(BDL),220.0,6.0,5(BDL),1.5(BDL),10(BDL),25.0,48.0,3.0,0.05(BDL),,,,,,,,,,,,,,,,,,,,,
3624.0,Dec,PUTTENAHALLI LAKE,"D (Propagation of wild life,fisheries)",5.1,7.0,459.0,5.0,1.76,79000.0,350000.0,,,,,104.0,72.0,49.0,0.81,120.0,64.0,56.0,,39.0,316.0,0.2(BDL),0.5(BDL),,0.43,DEC-2023.xlsx,,3(BDL),104.0,2.7,5(BDL),1.5(BDL),24,9.0,39.0,1.5,0.05(BDL),,,,,,,,,,,,,,,,,,,,,
3625.0,Dec,HEBBAL LAKE,"D (Propagation of wild life,fisheries)",5.3,6.9,462.0,4.0,1.79,4300.0,54000.0,,,,,108.0,76.0,44.0,0.64,124.0,68.0,56.0,19,40.0,318.0,0.2(BDL),0.5(BDL),,0.41,DEC-2023.xlsx,,3(BDL),108.0,19.6,5(BDL),1.5(BDL),22,10.0,39.0,1.6,0.05(BDL),,,,,,,,,,,,,,,,,,,,,
3626.0,Dec,NAGAVARA LAKE,"D (Propagation of wild life,fisheries)",5,8.1,547.0,7.2,1.9,7000.0,92000.0,,,,,128.0,48.0,68.0,0.86,176.0,92.0,84.0,19,63.0,382.0,0.43,0.5(BDL),,0.2(BDL),DEC-2023.xlsx,,3(BDL),128.0,3.6,5(BDL),1.5(BDL),10(BDL),15.0,41.0,2.06,1,,,,,,,,,,,,,,,,,,,,,
3627.0,Dec,JAKKUR LAKE,"D (Propagation of wild life,fisheries)",5.2,6.9,564.0,5.0,2.16,43000.0,540000.0,,,,,128.0,92.0,47.0,0.52,152.0,80.0,72.0,23,47.0,382.0,0.23,0.5(BDL),,0.26,DEC-2023.xlsx,,3(BDL),128.0,8.6,5(BDL),1.5(BDL),10(BDL),11.0,38.0,1.7,0.6,,,,,,,,,,,,,,,,,,,,,
3628.0,Dec,AMRUTHAHALLI LAKE,"D (Propagation of wild life,fisheries)",5.1,7.9,565.0,7.3,1.9,4700.0,54000.0,,,,,128.0,60.0,68.0,0.87,172.0,92.0,80.0,17,65.0,394.0,0.31,0.5(BDL),,0.2(BDL),DEC-2023.xlsx,,3(BDL),128.0,4.4,5(BDL),1.5(BDL),10(BDL),15.0,42.0,2.2,0.7,,,,,,,,,,,,,,,,,,,,,
3629.0,Dec,ALLALASANDRA LAKE,"D (Propagation of wild life,fisheries)",5.7,7.1,456.0,4.0,1.59,40000.0,350000.0,,,,,100.0,68.0,40.0,0.56,116.0,64.0,52.0,18,38.0,314.0,0.2(BDL),0.5(BDL),,0.39,DEC-2023.xlsx,,3(BDL),100.0,20.1,5(BDL),1.5(BDL),26,9.0,39.0,1.5,0.05(BDL),,,,,,,,,,,,,,,,,,,,,
3630.0,Dec,YELAHANKA TANK,"D (Propagation of wild life,fisheries)",5.4,7.0,560.0,4.0,2.11,17000.0,240000.0,,,,,124.0,88.0,40.0,0.49,148.0,76.0,72.0,23,46.0,388.0,0.2(BDL),0.5(BDL),,0.28,DEC-2023.xlsx,,3(BDL),124.0,88.0,5(BDL),1.5(BDL),10(BDL),10.0,38.0,1.6,0.55,,,,,,,,,,,,,,,,,,,,,
3632.0,Dec,VEERAPURA TANK,"D (Propagation of wild life,fisheries)",6,7.3,437.0,5.0,1.5,7000.0,160000.0,,,,,116.0,44.0,52.0,0.4,164.0,88.0,76.0,14,36.0,294.0,0.2(BDL),0.5(BDL),,0.21,DEC-2023.xlsx,,3(BDL),116.0,2.0,5(BDL),1.5(BDL),10(BDL),6.0,32.0,1.0,0.16,,,,,,,,,,,,,,,,,,,,,
3633.0,Dec,SUBRAMANYAPURA TANK,"D (Propagation of wild life,fisheries)",5.5,8.2,788.0,4.0,2.7,4900.0,35000.0,,,,,208.0,128.0,52.0,0.4,256.0,136.0,120.0,29,100.0,528.0,0.95,0.5(BDL),,0.22,DEC-2023.xlsx,,3(BDL),208.0,3.4,5(BDL),1.5(BDL),10(BDL),20.0,44.0,3.0,2.7,,,,,,,,,,,,,,,,,,,,,
3634.0,Dec,DEVARAKERE TANK,"E (Irrigation, industrial cooling and controlled waste)",2.2,7.2,279.0,16.0,0.86,4900.0,35000.0,,,,,84.0,28.0,124.0,5.2,116.0,64.0,52.0,7,28.0,188.0,0.2(BDL),0.5(BDL),,0.21,DEC-2023.xlsx,,3(BDL),84.0,5.2,5(BDL),6.8,10(BDL),9.0,32.0,1.0,0.16,,,,,,,,,,,,,,,,,,,,,
3635.0,Dec,MALATHAHALLI LAKE,"D (Propagation of wild life,fisheries)",4.3,7.9,913.0,9.0,2.09,1700.0,24000.0,,,,,276.0,196.0,104.0,0.4,308.0,156.0,152.0,20,86.0,616.0,0.2(BDL),0.5(BDL),,0.21,DEC-2023.xlsx,,3(BDL),276.0,2.9,5(BDL),1.5(BDL),10(BDL),14.0,36.0,2.0,0.59,,,,,,,,,,,,,,,,,,,,,
3636.0,Dec,HOSKERE LAKE,"D (Propagation of wild life,fisheries)",4.6,6.9,582.0,7.0,1.0,9400.0,92000.0,,,,,188.0,120.0,75.0,0.4,200.0,112.0,88.0,17,48.0,410.0,0.2(BDL),0.5(BDL),,0.2(BDL),DEC-2023.xlsx,,3(BDL),188.0,2.4,5(BDL),1.5(BDL),10(BDL),11.0,33.0,2.3,0.05(BDL),,,,,,,,,,,,,,,,,,,,,
3638.0,Dec,YELACHENAHALLI LAKE,"D (Propagation of wild life,fisheries)",,,,,,,,,,,,,,,,,,,,,,,,,,DEC-2023.xlsx,,,,,,,,,,,,,,,,,,,,,,,,,,,,,,,,
3640.0,Dec,UTTARAHALLI DORAIKERE,"D (Propagation of wild life,fisheries)",5.4,8.6,268.0,6.0,0.75,6300.0,54000.0,,,,,48.0,28.0,56.0,0.4,128.0,72.0,56.0,24,29.0,174.0,0.2(BDL),0.5(BDL),,0.26,DEC-2023.xlsx,,8,44.0,118.0,5(BDL),1.5(BDL),110,9.0,31.0,1.0,0.22,,,,,,,,,,,,,,,,,,,,,
3641.0,Dec,DHOREKERE TANK,"D (Propagation of wild life,fisheries)",4.8,8.7,356.0,7.0,1.1,4600.0,54000.0,,,,,92.0,32.0,84.0,0.4,152.0,84.0,68.0,30,36.0,238.0,0.52,0.5(BDL),,0.23,DEC-2023.xlsx,,8,88.0,39.7,5(BDL),1.5(BDL),52,9.0,32.0,1.0,1.4,,,,,,,,,,,,,,,,,,,,,
3642.0,Dec,JIGANI TANK,"D (Propagation of wild life,fisheries)",4.8,7.1,851.0,8.0,3.2,4800.0,54000.0,,,,,208.0,144.0,74.0,0.83,208.0,108.0,100.0,10,99.0,588.0,0.3,0.5(BDL),,0.24,DEC-2023.xlsx,,3(BDL),208.0,4.5,5(BDL),1.5(BDL),10(BDL),24.0,47.0,3.0,0.6,,,,,,,,,,,,,,,,,,,,,
3643.0,Dec,BENNIGANAHALLI LAKE,"D (Propagation of wild life,fisheries)",4.5,6.7,521.0,4.0,2.23,4300.0,160000.0,,,,,116.0,84.0,45.0,0.71,136.0,72.0,64.0,21,49.0,360.0,0.24,0.5(BDL),,0.2(BDL),DEC-2023.xlsx,,3(BDL),116.0,4.3,5(BDL),1.5(BDL),10(BDL),10.0,41.0,1.8,0.65,,,,,,,,,,,,,,,,,,,,,
3655.0,Dec,MATHIKERE TANK,"D (Propagation of wild life,fisheries)",4.6,8.2,405.0,6.0,1.0,31000.0,350000.0,,,,,116.0,76.0,74.0,0.4,112.0,60.0,52.0,20,37.0,278.0,0.2(BDL),0.5(BDL),,0.33,DEC-2023.xlsx,,3(BDL),116.0,4.4,5(BDL),1.5(BDL),10(BDL),4.0,40.0,1.8,0.05(BDL),,,,,,,,,,,,,,,,,,,,,
4094.0,Dec,GANGONDANAHALLI LAKE,"E (Irrigation, industrial cooling and controlled waste)",0.3(BDL),7.2,1996.0,51.0,5.0,31000000.0,350000000.0,,,,,592.0,520.0,352.0,14.6,632.0,328.0,304.0,69,160.0,1358.0,1.46,0.5(BDL),,0.38,DEC-2023.xlsx,,3(BDL),592.0,16.2,5(BDL),19.1,22,19.0,35.0,3.0,4.5,,,,,,,,,,,,,,,,,,,,,
4095.0,Dec,CHIKKABANAVARA LAKE,"E (Irrigation, industrial cooling and controlled waste)",3.4,7.3,1353.0,12.0,3.9,5800.0,92000.0,,,,,380.0,212.0,122.0,1.8,364.0,188.0,176.0,21,131.0,920.0,0.34,0.5(BDL),,0.27,DEC-2023.xlsx,,3(BDL),380.0,6.7,5(BDL),2.34,10(BDL),17.0,42.0,3.0,1.56,,,,,,,,,,,,,,,,,,,,,
4096.0,Dec,ANDHRAHALLI LAKE,"E (Irrigation, industrial cooling and controlled waste)",3.6,7.3,2166.0,45.0,9.0,27000000.0,240000000.0,,,,,568.0,316.0,236.0,8.6,572.0,292.0,280.0,14,196.0,1472.0,2.4,0.5(BDL),,0.4,DEC-2023.xlsx,,3(BDL),568.0,52.0,5(BDL),11.2,52,20.0,41.0,4.0,7.38,,,,,,,,,,,,,,,,,,,,,
4097.0,Dec,KACHOHALLI LAKE,"D (Propagation of wild life,fisheries)",4.3,6.8,1624.0,7.0,3.9,46000.0,350000.0,,,,,484.0,400.0,87.0,0.4,528.0,268.0,260.0,51,127.0,1110.0,0.51,0.5(BDL),,0.26,DEC-2023.xlsx,,3(BDL),484.0,4.8,5(BDL),1.5(BDL),12,28.0,33.0,2.0,1.6,,,,,,,,,,,,,,,,,,,,,
4107.0,Dec,"RIVER DAKSHINA PINAKINI
NEAR MUGALUR BRIDGE MUGALUR, BENGALURU","E (Irrigation, industrial cooling and controlled waste)",2.9,7.1,1460.0,27.0,5.0,460000.0,9200000.0,,,,,364.0,192.0,184.0,15.2,280.0,148.0,132.0,,114.0,972.0,0.35,0.5(BDL),,0.21,DEC-2023.xlsx,,3(BDL),364.0,8.5,5(BDL),19.9,12,30.0,44.0,2.0,0.92,,,,,,,,,,,,,,,,,,,,,
4503.0,Dec,MADHURE TANK,"D (Propagation of wild life,fisheries)",6.1,7.0,182.0,4.0,0.63,4800.0,92000.0,,,,,44.0,12.0,44.0,0.4,120.0,68.0,52.0,5(BDL),14.0,124.0,0.2(BDL),0.5(BDL),,0.2(BDL),DEC-2023.xlsx,,3(BDL),44.0,1.9,5(BDL),1.5(BDL),10(BDL),3.0,20.0,0.55,0.2,,,,,,,,,,,,,,,,,,,,,
4504.0,Dec,SARAKKI LAKE,"D (Propagation of wild life,fisheries)",5.9,7.9,788.0,4.0,3.02,700.0,16000.0,,,,,180.0,128.0,400.0,0.61,212.0,112.0,100.0,32,63.0,542.0,0.31,0.5(BDL),,0.41,DEC-2023.xlsx,,3(BDL),180.0,3.2,5(BDL),1.5(BDL),10(BDL),16.0,37.0,1.9,0.89,,,,,,,,,,,,,,,,,,,,,
4505.0,Dec,NELAMANGALA LAKE,"D (Propagation of wild life,fisheries)",6.9,7.2,1435.0,4.0,5.5,58000.0,920000.0,,,,,332.0,240.0,46.0,0.92,392.0,200.0,161.0,58,115.0,996.0,0.34,0.5(BDL),,0.2(BDL),DEC-2023.xlsx,,3(BDL),332.0,9.2,5(BDL),1.5(BDL),12,29.0,38.0,2.5,0.95,,,,,,,,,,,,,,,,,,,,,
4506.0,Dec,ABBIGERE LAKE,"E (Irrigation, industrial cooling and controlled waste)",3.2,6.8,1140.0,11.0,3.3,4000.0,35000.0,,,,,320.0,176.0,110.0,2.4,308.0,160.0,148.0,18,111.0,778.0,0.3,0.5(BDL),,0.3,DEC-2023.xlsx,,3(BDL),320.0,9.5,5(BDL),3.1,12,14.0,42.0,2.8,0.98,,,,,,,,,,,,,,,,,,,,,
4507.0,Dec,CHELEKERE LAKE,"D (Propagation of wild life,fisheries)",4.8,7.9,572.0,7.8,1.9,2300.0,24000.0,,,,,140.0,56.0,71.0,0.82,160.0,84.0,76.0,22,64.0,398.0,0.43,0.5(BDL),,0.2(BDL),DEC-2023.xlsx,,3(BDL),140.0,4.2,5(BDL),1.5(BDL),10(BDL),15.0,44.0,2.2,1,,,,,,,,,,,,,,,,,,,,,
4508.0,Dec,SINGAPURA LAKE,"D (Propagation of wild life,fisheries)",5.2,7.9,561.0,7.0,1.9,46000.0,350000.0,,,,,132.0,60.0,65.0,0.8,152.0,80.0,72.0,21,63.0,392.0,0.2(BDL),0.5(BDL),,0.2(BDL),DEC-2023.xlsx,,3(BDL),132.0,4.5,5(BDL),1.5(BDL),10(BDL),15.0,41.0,2.2,0.05(BDL),,,,,,,,,,,,,,,,,,,,,
4509.0,Dec,NARASIPURA LAKE,"D (Propagation of wild life,fisheries)",5.1,7.7,482.0,7.4,2.0,4800.0,160000.0,,,,,128.0,68.0,69.0,0.84,96.0,52.0,44.0,21,63.0,338.0,0.2(BDL),0.5(BDL),,0.2(BDL),DEC-2023.xlsx,,3(BDL),128.0,5.0,5(BDL),1.5(BDL),10(BDL),15.0,53.0,2.8,0.5,,,,,,,,,,,,,,,,,,,,,
4510.0,Dec,RACHENAHALLI LAKE,"D (Propagation of wild life,fisheries)",4.6,8.2,498.0,8.1,1.6,43000.0,540000.0,,,,,88.0,36.0,74.0,0.88,180.0,96.0,84.0,17,52.0,348.0,0.54,0.5(BDL),,0.2(BDL),DEC-2023.xlsx,,3(BDL),88.0,4.7,5(BDL),1.5(BDL),10(BDL),13.0,36.0,2.2,1.6,,,,,,,,,,,,,,,,,,,,,
4511.0,Dec,KOGILU KERE,"D (Propagation of wild life,fisheries)",5,7.9,568.0,7.3,1.9,840.0,92000.0,,,,,128.0,64.0,68.0,0.88,172.0,92.0,80.0,20,65.0,396.0,0.31,0.5(BDL),,0.2(BDL),DEC-2023.xlsx,,3(BDL),128.0,4.2,5(BDL),1.5(BDL),10(BDL),14.0,44.0,2.2,0.7,,,,,,,,,,,,,,,,,,,,,
4512.0,Dec,VISWANEEDAM LAKE,"D (Propagation of wild life,fisheries)",4.6,7.2,930.0,6.0,1.53,4800.0,54000.0,,,,,276.0,248.0,73.0,0.4,284.0,148.0,136.0,18,76.0,638.0,0.2(BDL),0.5(BDL),,0.28,DEC-2023.xlsx,,3(BDL),276.0,6.2,5(BDL),1.5(BDL),10(BDL),11.0,36.0,1.2,0.59,,,,,,,,,,,,,,,,,,,,,
4513.0,Dec,RAMAMMANA KERE,"D (Propagation of wild life,fisheries)",4.1,6.7,142.0,11.0,0.4,4800.0,54000.0,,,,,44.0,20.0,114.0,0.99,36.0,24.0,12.0,5(BDL),16.0,98.0,0.2(BDL),0.5(BDL),,0.21,DEC-2023.xlsx,,3(BDL),44.0,19.2,5(BDL),1.5(BDL),26,2.0,47.0,1.2,0.05(BDL),,,,,,,,,,,,,,,,,,,,,
4514.0,Dec,SADARAMANGALA LAKE,"E (Irrigation, industrial cooling and controlled waste)",2.2,7.0,756.0,13.0,2.9,7000.0,160000.0,,,,,168.0,120.0,113.0,5.2,200.0,104.0,96.0,31,68.0,522.0,0.89,0.5(BDL),,0.34,DEC-2023.xlsx,,3(BDL),168.0,7.1,5(BDL),6.6,10(BDL),15.0,40.0,2.1,2.45,,,,,,,,,,,,,,,,,,,,,
4515.0,Dec,BHATTARAHALLI LAKE,"D (Propagation of wild life,fisheries)",4.6,7.7,816.0,7.0,3.0,4000.0,35000.0,,,,,116.0,136.0,64.0,0.41,128.0,68.0,60.0,52,71.0,554.0,0.2(BDL),0.5(BDL),,0.32,DEC-2023.xlsx,,3(BDL),116.0,7.3,5(BDL),1.5(BDL),10(BDL),8.0,52.0,25.0,0.05(BDL),,,,,,,,,,,,,,,,,,,,,
4516.0,Dec,KUNDALAHALLI LAKE,"D (Propagation of wild life,fisheries)",5.6,8.2,537.0,6.0,2.0,470.0,16000.0,,,,,116.0,44.0,52.0,0.68,112.0,60.0,52.0,21,44.0,364.0,0.2(BDL),0.5(BDL),,0.2(BDL),DEC-2023.xlsx,,3(BDL),116.0,6.9,5(BDL),1.5(BDL),10(BDL),3.0,44.0,1.8,0.05(BDL),,,,,,,,,,,,,,,,,,,,,
4518.0,Dec,GARUDACHARPALYA TANK,"E (Irrigation, industrial cooling and controlled waste)",3.2,6.5,744.0,15.0,2.86,4600.0,54000.0,,,,,164.0,116.0,135.0,4.8,196.0,100.0,96.0,30,67.0,510.0,0.54,0.5(BDL),,0.31,DEC-2023.xlsx,,3(BDL),164.0,80.4,5(BDL),6.2,96,15.0,40.0,2.1,1.5,,,,,,,,,,,,,,,,,,,,,
4519.0,Dec,RAMPURA LAKE,"E (Irrigation, industrial cooling and controlled waste)",2,7.0,602.0,17.0,1.4,27000.0,240000.0,,,,,124.0,168.0,116.0,2.3,84.0,48.0,36.0,37,49.0,420.0,0.8,0.5(BDL),,0.28,DEC-2023.xlsx,,3(BDL),124.0,20.4,5(BDL),2.9,10(BDL),14.0,51.0,2.3,1.8,,,,,,,,,,,,,,,,,,,,,
4520.0,Dec,CHINNAPPANAHALLI LAKE,"D (Propagation of wild life,fisheries)",4.6,7.5,972.0,6.0,2.1,2300.0,24000.0,,,,,272.0,252.0,70.0,0.52,288.0,152.0,136.0,9,91.0,662.0,0.2(BDL),0.5(BDL),,0.24,DEC-2023.xlsx,,3(BDL),272.0,5.2,5(BDL),1.5(BDL),10(BDL),12.0,39.0,2.3,0.9,,,,,,,,,,,,,,,,,,,,,
4521.0,Dec,DEVARABEESANAHALLI LAKE,"D (Propagation of wild life,fisheries)",4.8,7.6,549.0,6.0,1.9,4800.0,92000.0,,,,,120.0,72.0,59.0,0.86,156.0,84.0,72.0,42,63.0,386.0,0.2(BDL),0.5(BDL),,0.27,DEC-2023.xlsx,,3(BDL),120.0,6.3,5(BDL),1.5(BDL),10(BDL),24.0,41.0,2.2,0.4,,,,,,,,,,,,,,,,,,,,,
4522.0,Dec,VIBHUTHIPURA LAKE,"D (Propagation of wild life,fisheries)",5.1,7.5,396.0,7.0,1.5,840.0,16000.0,,,,,80.0,52.0,67.0,0.8,128.0,68.0,60.0,24,54.0,270.0,0.2(BDL),0.5(BDL),,0.2(BDL),DEC-2023.xlsx,,3(BDL),80.0,5.6,5(BDL),1.5(BDL),10(BDL),16.0,44.0,2.7,0.05(BDL),,,,,,,,,,,,,,,,,,,,,
4523.0,Dec,NALLURAHALLI LAKE,"D (Propagation of wild life,fisheries)",6.2,6.8,588.0,4.0,2.25,6300.0,54000.0,,,,,128.0,92.0,40.0,0.42,152.0,80.0,72.0,24,53.0,406.0,0.2(BDL),0.5(BDL),,0.27,DEC-2023.xlsx,,3(BDL),128.0,8.2,5(BDL),1.5(BDL),10(BDL),12.0,40.0,1.86,0.47,,,,,,,,,,,,,,,,,,,,,
4524.0,Dec,"PATTANDUR
AGRAHARA LAKE","D (Propagation of wild life,fisheries)",5.2,7.3,1671.0,4.0,6.4,1700.0,24000.0,,,,,384.0,276.0,44.0,0.81,452.0,232.0,220.0,68,150.0,1158.0,0.28,0.5(BDL),,0.39,DEC-2023.xlsx,,3(BDL),384.0,8.6,5(BDL),1.5(BDL),12,33.0,40.0,3.1,0.76,,,,,,,,,,,,,,,,,,,,,
4525.0,Dec,SEETHARAMPALYA LAKE,"D (Propagation of wild life,fisheries)",5.1,6.9,1023.0,4.0,3.9,4100.0,35000.0,,,,,232.0,164.0,40.0,0.83,272.0,140.0,132.0,41,98.0,698.0,0.26,0.5(BDL),,0.37,DEC-2023.xlsx,,3(BDL),232.0,16.2,5(BDL),1.5(BDL),20,20.0,42.0,2.6,0.73,,,,,,,,,,,,,,,,,,,,,
4526.0,Dec,DEVASANDRA LAKE,"D (Propagation of wild life,fisheries)",4.2,6.5,392.0,4.0,1.53,840.0,9200.0,,,,,88.0,60.0,40.0,0.92,104.0,56.0,48.0,16,31.0,270.0,0.2(BDL),0.5(BDL),,0.2(BDL),DEC-2023.xlsx,,3(BDL),88.0,7.1,5(BDL),1.5(BDL),10(BDL),8.0,37.0,1.3,0.05(BDL),,,,,,,,,,,,,,,,,,,,,
4527.0,Dec,"SHEELAVANTA-
WHITEFIELD LAKE","D (Propagation of wild life,fisheries)",4.9,8.2,1165.0,4.0,4.5,5800.0,92000.0,,,,,316.0,192.0,45.0,0.92,268.0,140.0,128.0,47,105.0,802.0,0.23,0.5(BDL),,0.44,DEC-2023.xlsx,,3(BDL),316.0,19.1,5(BDL),1.5(BDL),22,23.0,43.0,2.8,0.6,,,,,,,,,,,,,,,,,,,,,
4528.0,Dec,DODDAKANNEHALLI LAKE,"D (Propagation of wild life,fisheries)",4.5,6.9,530.0,7.0,1.9,23000.0,240000.0,,,,,108.0,68.0,61.0,0.9,168.0,88.0,80.0,25,63.0,368.0,0.25,0.5(BDL),,0.23,DEC-2023.xlsx,,3(BDL),108.0,9.5,5(BDL),1.5(BDL),12,24.0,44.0,2.1,0.7,,,,,,,,,,,,,,,,,,,,,
4530.0,Dec,KAMMASANDRA LAKE,"E (Irrigation, industrial cooling and controlled waste)",2.1,7.7,2020.0,17.0,8.7,4000000.0,35000000.0,,,,,636.0,376.0,112.0,2.5,508.0,260.0,248.0,48,187.0,1384.0,0.6,0.5(BDL),,0.37,DEC-2023.xlsx,,3(BDL),636.0,12.2,5(BDL),3.3,16,38.0,42.0,3.6,1.3,,,,,,,,,,,,,,,,,,,,,
4531.0,Dec,RAYASANDRA LAKE,"E (Irrigation, industrial cooling and controlled waste)",1.6,7.7,1699.0,20.0,6.9,470000.0,5400000.0,,,,,416.0,356.0,137.0,4.8,468.0,236.0,232.0,68,136.0,1165.0,0.6,0.5(BDL),,0.24,DEC-2023.xlsx,,3(BDL),416.0,10.6,5(BDL),6.2,14,30.0,37.0,2.7,1.6,,,,,,,,,,,,,,,,,,,,,
4532.0,Dec,CHANDAPURA LAKE,"E (Irrigation, industrial cooling and controlled waste)",2,7.8,1948.0,18.0,8.6,230000.0,2400000.0,,,,,528.0,436.0,117.0,2.6,476.0,240.0,236.0,47,163.0,1328.0,0.2(BDL),0.5(BDL),,0.42,DEC-2023.xlsx,,3(BDL),528.0,9.8,5(BDL),3,12,37.0,40.0,3.2,0.4,,,,,,,,,,,,,,,,,,,,,
4533.0,Dec,ULLALU LAKE,"D (Propagation of wild life,fisheries)",4.4,6.58,770.0,6.0,1.3,70000.0,350000.0,,,,,236.0,188.0,74.0,0.4,252.0,136.0,116.0,27,66.0,540.0,0.2(BDL),0.5(BDL),,0.22,DEC-2023.xlsx,,3(BDL),236.0,3.6,5(BDL),1.5(BDL),10(BDL),12.0,35.0,2.0,0.05(BDL),,,,,,,,,,,,,,,,,,,,,
4534.0,Dec,SOMPURA LAKE,"D (Propagation of wild life,fisheries)",6.1,8.2,1090.0,4.0,3.7,9400.0,92000.0,,,,,392.0,112.0,36.0,0.4,200.0,108.0,92.0,42,195.0,738.0,0.2(BDL),0.5(BDL),,0.27,DEC-2023.xlsx,,3(BDL),392.0,2.1,5(BDL),1.5(BDL),10(BDL),14.0,66.0,6.0,0.32,,,,,,,,,,,,,,,,,,,,,
4535.0,Dec,GUBBALAL LAKE,"E (Irrigation, industrial cooling and controlled waste)",2.6,6.8,302.0,39.0,1.0,7900.0,160000.0,,,,,84.0,24.0,116.0,4.2,136.0,76.0,60.0,17,24.0,206.0,0.2(BDL),0.5(BDL),,0.28,DEC-2023.xlsx,,3(BDL),84.0,13.2,5(BDL),5.5,18,14.0,25.0,1.0,0.43,,,,,,,,,,,,,,,,,,,,,
4536.0,Dec,HOSAKEREHALLI LAKE,"D (Propagation of wild life,fisheries)",5.8,7.2,755.0,4.0,2.6,6300.0,92000.0,,,,,272.0,24.0,44.0,0.4,212.0,112.0,100.0,111,45.0,510.0,0.2(BDL),0.5(BDL),,0.25,DEC-2023.xlsx,,3(BDL),272.0,15.6,5(BDL),1.5(BDL),22,9.0,44.0,1.0,0.44,,,,,,,,,,,,,,,,,,,,,
4537.0,Dec,CHINNAKURCHI KERE,"D (Propagation of wild life,fisheries)",4.5,8.2,1096.0,7.0,2.5,460.0,9200.0,,,,,236.0,184.0,74.0,0.4,248.0,132.0,116.0,25,104.0,710.0,0.52,0.5(BDL),,0.3,DEC-2023.xlsx,,3(BDL),236.0,4.0,5(BDL),1.5(BDL),10(BDL),18.0,45.0,2.9,0.8,,,,,,,,,,,,,,,,,,,,,
4538.0,Dec,MACHOHALLI LAKE,"D (Propagation of wild life,fisheries)",4.2,7.38,2170.0,6.0,5.7,34000.0,240000.0,,,,,524.0,436.0,74.0,0.4,584.0,300.0,284.0,55,167.0,1478.0,1.6,0.5(BDL),,0.38,DEC-2023.xlsx,,3(BDL),524.0,6.3,5(BDL),1.5(BDL),10(BDL),29.0,37.0,3.0,4.8,,,,,,,,,,,,,,,,,,,,,
4539.0,Dec,DODDABIDARAKALLU LAKE,"E (Irrigation, industrial cooling and controlled waste)",0.3(BDL),7.14,1485.0,20.0,3.2,4900.0,92000.0,,,,,448.0,404.0,227.0,8.3,512.0,260.0,252.0,38,106.0,1022.0,0.56,0.5(BDL),,0.3,DEC-2023.xlsx,,3(BDL),448.0,18.4,5(BDL),10.4,24,11.0,30.0,2.0,1.7,,,,,,,,,,,,,,,,,,,,,
4540.0,Dec,"KAMMAGONDANAHALLI
LAKE","D (Propagation of wild life,fisheries)",4.2,7.5,972.0,6.0,2.1,2300.0,24000.0,,,,,272.0,252.0,70.0,0.52,288.0,152.0,136.0,9,91.0,662.0,0.29,0.5(BDL),,0.24,DEC-2023.xlsx,,3(BDL),272.0,5.2,5(BDL),1.5(BDL),10(BDL),12.0,39.0,2.3,0.9,,,,,,,,,,,,,,,,,,,,,
4541.0,Dec,ALUR LAKE,"D (Propagation of wild life,fisheries)",4.2,6.9,142.0,11.0,0.4,460.0,16000.0,,,,,80.0,40.0,105.0,1.26,36.0,24.0,12.0,5(BDL),16.0,100.0,0.2(BDL),0.5(BDL),,0.21,DEC-2023.xlsx,,3(BDL),80.0,4.3,5(BDL),16.9,22,2.0,47.0,1.2,0.05(BDL),,,,,,,,,,,,,,,,,,,,,
4542.0,Dec,BASAVANAPURA LAKE,"D (Propagation of wild life,fisheries)",5.7,7.8,409.0,5.0,1.0,580.0,9200.0,,,,,80.0,56.0,60.0,0.4,88.0,52.0,36.0,25,65.0,276.0,0.2(BDL),0.5(BDL),,0.22,DEC-2023.xlsx,,3(BDL),80.0,15.6,5(BDL),1.5(BDL),22,16.0,57.0,3.0,0.35,,,,,,,,,,,,,,,,,,,,,
4543.0,Dec,KODI SINGASANDRA LAKE,"E (Irrigation, industrial cooling and controlled waste)",2.8,7.1,500.0,8.0,2.1,940.0,9200.0,,,,,96.0,88.0,77.0,1.8,68.0,40.0,28.0,25,62.0,360.0,0.23,0.5(BDL),,0.24,DEC-2023.xlsx,,3(BDL),96.0,5.8,5(BDL),2.4,10(BDL),18.0,59.0,3.3,0.5,,,,,,,,,,,,,,,,,,,,,
4544.0,Dec,KOTHANURU LAKE,"D (Propagation of wild life,fisheries)",5.1,7.1,422.0,7.0,2.0,3400.0,54000.0,,,,,104.0,52.0,64.0,0.68,96.0,52.0,44.0,8,41.0,290.0,0.2(BDL),0.5(BDL),,0.3,DEC-2023.xlsx,,3(BDL),104.0,9.8,5(BDL),1.5(BDL),12,19.0,43.0,2.0,0.05(BDL),,,,,,,,,,,,,,,,,,,,,
4547.0,Dec,"MANGAMANAPALYA LAKE
(SWARANA KUNTE)","D (Propagation of wild life,fisheries)",4.9,7.3,607.0,6.0,2.8,840.0,9200.0,,,,,76.0,136.0,50.0,0.72,116.0,64.0,51.0,39,85.0,432.0,0.2(BDL),0.5(BDL),,0.2(BDL),DEC-2023.xlsx,,3(BDL),76.0,6.0,5(BDL),1.5(BDL),10(BDL),27.0,55.0,3.7,0.2,,,,,,,,,,,,,,,,,,,,,
5558.0,Dec,"Kannahalli Lake Kannahalli,
Bengaluru","D (Propagation of wild life,fisheries)",4.4,7.5,1168.0,8.0,2.3,490.0,16000.0,,,,,328.0,284.0,82.0,0.4,392.0,200.0,192.0,18,91.0,792.0,0.22,0.5(BDL),,0.22,DEC-2023.xlsx,,3(BDL),328.0,6.3,5(BDL),1.5(BDL),10(BDL),13.0,32.0,2.0,0.67,,,,,,,,,,,,,,,,,,,,,
5559.0,Dec,"Shettihalli Lake, Mallasandra
Gudde Lake Bengaluru","E (Irrigation, industrial cooling and controlled waste)",2.7,6.6,624.0,14.0,,7900.0,35000.0,,,,,176.0,96.0,127.0,2.0,168.0,92.0,76.0,10,62.0,426.0,0.26,0.5(BDL),,0.2(BDL),DEC-2023.xlsx,,3(BDL),176.0,8.8,5(BDL),2.6,12,8.0,43.0,2.1,0.72,,,,,,,,,,,,,,,,,,,,,
5560.0,Dec,"Hoodi (Rajapalya Lake) Itpl Main Road, Near Hoodi,Bengaluru","D (Propagation of wild life,fisheries)",5.9,7.1,1049.0,4.0,4.0,940.0,16000.0,,,,,236.0,172.0,43.0,0.4,280.0,144.0,136.0,43,99.0,720.0,0.25,0.5(BDL),,0.41,DEC-2023.xlsx,,3(BDL),236.0,4.9,5(BDL),1.5(BDL),10(BDL),21.0,41.0,2.6,0.69,,,,,,,,,,,,,,,,,,,,,
5561.0,Dec,"Munekolalu Lake ,Marathahalli,
East Taluka ,Bengaluru","D (Propagation of wild life,fisheries)",4.8,8.4,540.0,8.0,2.0,7900.0,35000.0,,,,,88.0,72.0,92.0,0.51,92.0,52.0,40.0,21,34.0,366.0,0.2(BDL),0.5(BDL),,0.28,DEC-2023.xlsx,,3(BDL),88.0,28.6,5(BDL),1.5(BDL),36,2.0,43.0,1.3,0.05(BDL),,,,,,,,,,,,,,,,,,,,,
5562.0,Dec,"MahadevpuraÂ   Lake,
K. R. Puram ,Bangalore East Taluka","D (Propagation of wild life,fisheries)",4.1,8.2,589.0,10.0,2.0,4300.0,54000.0,,,,,144.0,88.0,120.0,0.92,120.0,64.0,56.0,19,49.0,400.0,0.46,0.5(BDL),,0.21,DEC-2023.xlsx,,3(BDL),144.0,31.2,5(BDL),1.5(BDL),40,4.0,45.0,1.9,1.4,,,,,,,,,,,,,,,,,,,,,
5563.0,Dec,"Segehalli Lake Baavanapura Road Battarahalli , Bangalore East","E (Irrigation, industrial cooling and controlled waste)",1.6,7.1,872.0,12.0,4.0,4800.0,54000.0,,,,,208.0,100.0,128.0,2.6,216.0,112.0,104.0,26,97.0,592.0,2.12,0.5(BDL),,0.27,DEC-2023.xlsx,,3(BDL),208.0,26.2,5(BDL),3.4,34,7.0,43.0,2.0,6.5,,,,,,,,,,,,,,,,,,,,,
5564.0,Dec,"Kannamangala Lake Hoskote Main Road , Bengalore","D (Propagation of wild life,fisheries)",5.2,7.6,1781.0,6.0,4.0,7900.0,35000.0,,,,,188.0,372.0,52.0,0.48,308.0,160.0,148.0,41,156.0,1212.0,0.24,0.5(BDL),,0.31,DEC-2023.xlsx,,3(BDL),188.0,10.2,5(BDL),1.5(BDL),12,13.0,50.0,4.0,0.73,,,,,,,,,,,,,,,,,,,,,
5565.0,Dec,"Kannur Lake Near By
Hennur Road Bengalore","D (Propagation of wild life,fisheries)",5.4,8.2,662.0,8.0,1.9,840.0,9200.0,,,,,116.0,152.0,77.0,0.83,76.0,44.0,32.0,24,64.0,460.0,0.2(BDL),0.5(BDL),,0.2(BDL),DEC-2023.xlsx,,3(BDL),116.0,9.2,5(BDL),1.5(BDL),10(BDL),16.0,35.0,3.2,0.3,,,,,,,,,,,,,,,,,,,,,
5566.0,Dec,"Basavanapura Lake Ayyappa
Nagr Main Road , K.R.Puram,Bengaluru","D (Propagation of wild life,fisheries)",4.7,7.2,467.0,7.0,2.0,700.0,5400.0,,,,,116.0,52.0,60.0,0.4,136.0,72.0,64.0,22,39.0,316.0,0.2(BDL),0.5(BDL),,0.25,DEC-2023.xlsx,,3(BDL),116.0,6.8,5(BDL),1.5(BDL),10(BDL),3.0,37.0,1.0,0.42,,,,,,,,,,,,,,,,,,,,,
5567.0,Dec,"Doddakallasandra Lake,Bengaluru","D (Propagation of wild life,fisheries)",5.2,7.1,402.0,7.0,2.0,3300.0,35000.0,,,,,100.0,48.0,72.0,0.58,80.0,44.0,36.0,5(BDL),41.0,276.0,0.2(BDL),0.5(BDL),,0.29,DEC-2023.xlsx,,3(BDL),100.0,9.8,5(BDL),1.5(BDL),12,21.0,46.0,2.0,0.05(BDL),,,,,,,,,,,,,,,,,,,,,
5568.0,Dec,"Ulsoor Lake Near Kalyani,Bengaluru","D (Propagation of wild life,fisheries)",5.1,8.2,341.0,7.0,1.0,490.0,5400.0,,,,,68.0,40.0,88.0,0.66,104.0,60.0,44.0,24,48.0,232.0,0.2(BDL),0.5(BDL),,0.2(BDL),DEC-2023.xlsx,,3(BDL),68.0,23.8,5(BDL),1.5(BDL),28,13.0,46.0,2.0,0.43,,,,,,,,,,,,,,,,,,,,,
5569.0,Dec,"Byrasandra Upper Lake,Bengaluru","E (Irrigation, industrial cooling and controlled waste)",3.2,6.7,537.0,17.0,2.0,1700.0,24000.0,,,,,132.0,40.0,128.0,4.5,72.0,44.0,28.0,18,48.0,362.0,0.71,0.5(BDL),,0.2(BDL),DEC-2023.xlsx,,3(BDL),132.0,8.3,5(BDL),5.89,12,13.0,54.0,2.0,1.87,,,,,,,,,,,,,,,,,,,,,
5570.0,Dec,"Soulkere, Kaikondrahalli Vill,
Bengaluru","E (Irrigation, industrial cooling and controlled waste)",3.2,6.6,800.0,14.0,3.0,4300.0,54000.0,,,,,184.0,132.0,120.0,2.7,216.0,112.0,104.0,33,16.0,556.0,0.51,0.5(BDL),,0.27,DEC-2023.xlsx,,3(BDL),184.0,6.9,5(BDL),3.3,10(BDL),16.0,40.0,2.0,1.46,,,,,,,,,,,,,,,,,,,,,
5571.0,Dec,"Kudlu Doddakere,
Kudlu Vill,Bengaluru","E (Irrigation, industrial cooling and controlled waste)",1.1,6.5,612.0,40.0,2.35,4000.0,54000.0,,,,,140.0,100.0,200.0,6.1,164.0,84.0,80.0,25,59.0,420.0,1.53,0.5(BDL),,0.2(BDL),DEC-2023.xlsx,,3(BDL),140.0,24.2,5(BDL),7.6,26,12.0,42.0,2.0,4.38,,,,,,,,,,,,,,,,,,,,,
5572.0,Dec,"Kudlu Chikkakere, Bgp Layout
Kudlu Vill ,Bengaluru","D (Propagation of wild life,fisheries)",4.6,7.1,850.0,4.0,3.4,4900.0,35000.0,,,,,196.0,140.0,44.0,0.72,228.0,120.0,108.0,35,78.0,588.0,0.29,0.5(BDL),,0.29,DEC-2023.xlsx,,3(BDL),196.0,16.1,5(BDL),1.5(BDL),20,17.0,40.0,2.2,0.83,,,,,,,,,,,,,,,,,,,,,
5574.0,Dec,"Anjanapura Lake ( Avala Halli Lake) Anjanapura,Bengaluru","D (Propagation of wild life,fisheries)",5,7.0,406.0,7.0,2.0,4100.0,92000.0,,,,,100.0,52.0,72.0,0.49,80.0,44.0,36.0,5(BDL),41.0,280.0,0.2(BDL),0.5(BDL),,0.28,DEC-2023.xlsx,,3(BDL),100.0,9.5,5(BDL),1.5(BDL),12,18.0,46.0,2.0,0.14,,,,,,,,,,,,,,,,,,,,,
1388.0,,Ulsoor Lake Training Centre Of Fish Breeding,"D (Propagation of wild life,fisheries)",5,8.2,396.0,7.0,1.4,1700.0,4800.0,,,,,84.0,48.0,84.0,0.4,68.0,40.0,28.0,31,52.0,272.0,0.2(BDL),0.5(BDL),,0.2(BDL),FEB-2024.xlsx,,3(BDL),84.0,137.0,,1.5(BDL),192,16.0,56.0,3.0,0.05(BDL),1,30.0,5(BDL),16.0,7.0,BDL,,,,,,,,,,,,,,,
2778.0,,River Arkavathi At Tippagondanahalli Reservoir,"E (Irrigation, industrial cooling and controlled waste)",3.4,8.6,1379.0,15.0,5.2,330.0,790.0,,,,,300.0,224.0,140.0,2.6,332.0,172.0,160.0,27,155.0,938.0,2.64,0.5(BDL),,0.29,FEB-2024.xlsx,540.0,16,284.0,38.6,,3.4,50,28.0,48.0,4.0,6.9,2,31.4,8,69.0,39.0,BDL,,,,,,,,,,,,,,,
3589.0,,Madiwala Tank,"D (Propagation of wild life,fisheries)",4.5,7.13,693.0,6.0,1.6,1700.0,7900.0,,,,,180.0,128.0,55.0,0.4,212.0,108.0,104.0,30,63.0,476.0,0.3,0.5(BDL),,0.28,FEB-2024.xlsx,,3(BDL),180.0,212.0,,1.5(BDL),14,6.0,38.0,2.0,0.93,3,26.0,5(BDL),43.0,25.0,BDL,,,,,,,,,,,,,,,
3590.0,,Lalbagh Tank,"D (Propagation of wild life,fisheries)",4.4,7.4,598.0,4.0,2.31,14000.0,49000.0,,,,,136.0,96.0,43.0,0.61,160.0,84.0,76.0,24,57.0,418.0,0.2(BDL),0.5(BDL),,0.39,FEB-2024.xlsx,,3(BDL),136.0,9.4,,1.5(BDL),12,12.0,41.0,2.0,0.51,4,28.0,5(BDL),34.0,18.0,BDL,,,,,,,,,,,,,,,
3591.0,,Kempambudhi Tank,"E (Irrigation, industrial cooling and controlled waste)",2.9,7.0,553.0,20.0,2.14,4500.0,23000.0,,,,,124.0,88.0,163.0,4.7,144.0,76.0,68.0,22,52.0,384.0,0.34,0.5(BDL),,0.22,FEB-2024.xlsx,,3(BDL),124.0,22.6,,5.4,28,11.0,41.0,1.88,0.91,5,28.0,5(BDL),30.0,17.0,BDL,,,,,,,,,,,,,,,
3592.0,,Yediyur Tank,"E (Irrigation, industrial cooling and controlled waste)",3.3,6.9,313.0,19.0,1.2,11000.0,33000.0,,,,,68.0,48.0,160.0,4.4,80.0,44.0,36.0,13,29.0,216.0,0.31,0.5(BDL),,0.2(BDL),FEB-2024.xlsx,,3(BDL),68.0,10.8,,5.1,14,6.0,41.0,1.4,0.91,6,28.0,5(BDL),18.0,9.0,BDL,,,,,,,,,,,,,,,
3593.0,,Ulsoor Lake Temple,"D (Propagation of wild life,fisheries)",5.1,8.2,393.0,7.0,1.4,3100.0,9400.0,,,,,80.0,44.0,88.0,0.4,60.0,36.0,24.0,24,53.0,264.0,0.2(BDL),0.5(BDL),,0.2(BDL),FEB-2024.xlsx,,3(BDL),80.0,148.0,,1.5(BDL),180,16.0,59.0,3.0,0.05(BDL),7,29.0,5(BDL),14.0,6.0,BDL,,,,,,,,,,,,,,,
3594.0,,Sankey Tank,"D (Propagation of wild life,fisheries)",5.8,7.9,576.0,7.0,2.2,320.0,3500.0,,,,,136.0,76.0,66.0,0.8,132.0,72.0,60.0,16,62.0,408.0,0.2(BDL),0.5(BDL),,0.2(BDL),FEB-2024.xlsx,,3(BDL),136.0,6.8,,1.5(BDL),10(BDL),17.0,47.0,2.4,0.4,8,29.0,5(BDL),29.0,15.0,BDL,,,,,,,,,,,,,,,
3595.0,,Byrasandra Tank,"D (Propagation of wild life,fisheries)",5.4,8.5,385.0,6.0,1.4,3100.0,17000.0,,,,,80.0,52.0,56.0,0.4,64.0,40.0,24.0,22,53.0,270.0,0.2(BDL),0.5(BDL),,0.2(BDL),FEB-2024.xlsx,,8,72.0,138.0,,1.5(BDL),194,15.0,58.0,3.0,0.05(BDL),9,29.0,5(BDL),16.0,6.0,BDL,,,,,,,,,,,,,,,
3596.0,,Nayandanahalli Tank,"D (Propagation of wild life,fisheries)",4.3,7.8,913.0,11.0,3.4,320.0,3500.0,,,,,224.0,148.0,104.0,0.82,208.0,108.0,100.0,27,98.0,640.0,0.5,0.5(BDL),,0.2(BDL),FEB-2024.xlsx,,3(BDL),224.0,8.4,,1.5(BDL),12,34.0,46.0,2.9,0.9,10,24.0,5(BDL),43.0,24.0,BDL,,,,,,,,,,,,,,,
3597.0,,Hesaraghatta Lake,"D (Propagation of wild life,fisheries)",5.3,7.0,394.0,7.0,1.4,14.0,1600.0,,,,,116.0,48.0,65.0,0.85,128.0,68.0,60.0,44,45.0,286.0,0.2(BDL),0.5(BDL),,0.2(BDL),FEB-2024.xlsx,,3(BDL),116.0,7.8,,1.5(BDL),10(BDL),19.0,39.0,1.7,0.5,11,26.0,5(BDL),27.0,15.0,BDL,,,,,,,,,,,,,,,
3598.0,,Herohalli Tank,"D (Propagation of wild life,fisheries)",4.4,7.1,529.0,4.0,2.0,2200.0,9400.0,,,,,120.0,84.0,44.0,0.79,140.0,72.0,68.0,22,49.0,364.0,0.2(BDL),0.5(BDL),,0.2(BDL),FEB-2024.xlsx,,3(BDL),120.0,19.6,,1.5(BDL),26,11.0,40.0,1.8,0.44,12,26.0,5(BDL),29.0,17.0,BDL,,,,,,,,,,,,,,,
3599.0,,Anchepalya Lake,"D (Propagation of wild life,fisheries)",4.4,6.7,429.0,8.0,8.3,2100.0,9400.0,,,,,76.0,84.0,76.0,0.9,108.0,60.0,40.0,20,69.0,304.0,0.2(BDL),0.5(BDL),,0.2(BDL),FEB-2024.xlsx,,3(BDL),76.0,9.2,,1.5(BDL),12,22.0,52.0,2.9,0.6,13,26.0,5(BDL),24.0,10.0,BDL,,,,,,,,,,,,,,,
3601.0,,Karihobanahalli Lake,"E (Irrigation, industrial cooling and controlled waste)",1.4,7.7,3020.0,28.0,10.5,450000.0,2300000.0,,,,,620.0,570.0,168.0,23.0,570.0,300.0,270.0,57,424.0,1998.0,2.5,0.5(BDL),,0.34,FEB-2024.xlsx,,3(BDL),620.0,15.9,,31,22,32.0,60.0,8.0,7,14,25.0,5(BDL),120.0,66.0,BDL,,,,,,,,,,,,,,,
3602.0,,Bellandur Lake,"D (Propagation of wild life,fisheries)",4.4,7.1,646.0,8.0,2.3,2200.0,13000.0,,,,,84.0,100.0,96.0,0.4,96.0,56.0,40.0,38,78.0,432.0,0.26,0.5(BDL),,0.34,FEB-2024.xlsx,,3(BDL),84.0,32.3,,1.5(BDL),40,21.0,58.0,3.0,0.66,15,27.0,5(BDL),22.0,10.0,BDL,,,,,,,,,,,,,,,
3603.0,,Vengaiyyanakere( Kr Puram Lake ),"E (Irrigation, industrial cooling and controlled waste)",3.1,7.1,1517.0,21.0,5.8,320.0,3500.0,,,,,352.0,252.0,155.0,3.9,412.0,212.0,200.0,62,121.0,1048.0,0.61,0.5(BDL),,0.47,FEB-2024.xlsx,,3(BDL),352.0,8.9,,4.8,10(BDL),30.0,37.0,2.6,1.79,16,19.0,5(BDL),85.0,49.0,BDL,,,,,,,,,,,,,,,
3604.0,,Doddanekkundi Lake,"D (Propagation of wild life,fisheries)",4.4,7.6,2241.0,11.0,10.0,2200.0,7000.0,,,,,424.0,548.0,103.0,0.76,488.0,248.0,240.0,59,291.0,1536.0,3,0.5(BDL),,0.2(BDL),FEB-2024.xlsx,,3(BDL),424.0,10.6,,1.5(BDL),14,26.0,55.0,5.8,5.8,17,25.0,5(BDL),99.0,58.0,BDL,,,,,,,,,,,,,,,
3605.0,,Yelemallappa Shetty Lake,"D (Propagation of wild life,fisheries)",4.4,7.0,1730.0,5.0,6.6,220.0,2400.0,,,,,396.0,288.0,60.0,0.52,472.0,240.0,232.0,70,138.0,1204.0,0.37,0.5(BDL),,0.29,FEB-2024.xlsx,,3(BDL),396.0,10.8,,1.5(BDL),14,35.0,37.0,2.76,1.01,18,22.0,5(BDL),96.0,56.0,BDL,,,,,,,,,,,,,,,
3606.0,,Dasarahalli Tank,"E (Irrigation, industrial cooling and controlled waste)",0.5,6.7,383.0,18.0,1.7,1400.0,24000.0,,,,,80.0,64.0,120.0,2.0,136.0,72.0,64.0,55,56.0,280.0,1,0.5(BDL),,0.2(BDL),FEB-2024.xlsx,,3(BDL),80.0,13.6,,2.6,16,20.0,42.0,2.0,3,19,28.0,5(BDL),29.0,16.0,BDL,,,,,,,,,,,,,,,
3607.0,,Kalkere Tank,"E (Irrigation, industrial cooling and controlled waste)",0.3(BDL),7.7,1253.0,148.0,4.0,2300.0,9400.0,,,,,500.0,200.0,992.0,18.4,280.0,150.0,130.0,9,118.0,864.0,0.59,0.5(BDL),,0.2(BDL),FEB-2024.xlsx,,3(BDL),500.0,198.0,,23.92,256,26.0,45.0,3.0,2.08,20,26.0,5(BDL),60.0,32.0,BDL,,,,,,,,,,,,,,,
3608.0,,Varthur Lake,"E (Irrigation, industrial cooling and controlled waste)",1.2,7.4,1405.0,81.0,4.8,1400.0,4800.0,,,,,412.0,164.0,228.0,39.0,256.0,136.0,120.0,19,151.0,922.0,2.5,0.5(BDL),,0.25,FEB-2024.xlsx,,3(BDL),412.0,18.8,,52,26,30.0,53.0,4.0,7.2,21,32.0,5(BDL),54.0,29.0,BDL,,,,,,,,,,,,,,,
3609.0,,Ibbalur Lake,"D (Propagation of wild life,fisheries)",4.6,7.0,619.0,8.0,2.2,630.0,3500.0,,,,,40.0,92.0,92.0,0.4,88.0,52.0,36.0,41,75.0,418.0,0.29,0.5(BDL),,0.34,FEB-2024.xlsx,,3(BDL),40.0,37.5,,1.5(BDL),50,20.0,59.0,3.0,0.78,22,28.0,5(BDL),21.0,9.0,BDL,,,,,,,,,,,,,,,
3610.0,,Tubarahalli Tank,"D (Propagation of wild life,fisheries)",4.4,7.0,702.0,8.0,2.4,1300.0,7000.0,,,,,80.0,128.0,76.0,0.4,112.0,64.0,48.0,31,95.0,466.0,0.2(BDL),0.5(BDL),,0.23,FEB-2024.xlsx,,3(BDL),80.0,39.8,,1.5(BDL),52,14.0,61.0,4.0,0.05(BDL),23,26.0,5(BDL),26.0,12.0,BDL,,,,,,,,,,,,,,,
3611.0,,Kaikondanahalli Lake,"E (Irrigation, industrial cooling and controlled waste)",1.3,7.9,2015.0,17.0,7.0,2300.0,7900.0,,,,,564.0,332.0,132.0,2.2,340.0,176.0,164.0,108,252.0,1370.0,1.64,0.5(BDL),,0.36,FEB-2024.xlsx,,3(BDL),564.0,122.0,,2.86,158,40.0,58.0,6.0,3.49,24,28.0,5(BDL),70.0,40.0,BDL,,,,,,,,,,,,,,,
3612.0,,Agaram Lake,"E (Irrigation, industrial cooling and controlled waste)",3.4,7.4,966.0,14.0,3.1,230.0,2400.0,,,,,272.0,148.0,145.0,7.6,260.0,136.0,124.0,15,94.0,658.0,0.2(BDL),0.5(BDL),,0.39,FEB-2024.xlsx,,3(BDL),272.0,126.0,,9.9,164,12.0,43.0,2.5,0.05(BDL),25,27.0,5(BDL),54.0,30.0,BDL,,,,,,,,,,,,,,,
3613.0,,Gottigere Lake,"D (Propagation of wild life,fisheries)",4.6,7.6,1042.0,8.0,2.5,430.0,3500.0,,,,,340.0,184.0,79.0,0.4,344.0,180.0,164.0,20,98.0,710.0,1.04,0.5(BDL),,0.25,FEB-2024.xlsx,,3(BDL),340.0,11.4,,1.5(BDL),16,11.0,37.0,3.0,3.19,26,26.0,5(BDL),72.0,40.0,BDL,,,,,,,,,,,,,,,
3614.0,,Puttenahalli Lake,"E (Irrigation, industrial cooling and controlled waste)",3.1,8.0,667.0,12.0,2.5,1400.0,4900.0,,,,,128.0,100.0,116.0,0.98,128.0,72.0,56.0,11,66.0,456.0,0.2(BDL),0.5(BDL),,0.22,FEB-2024.xlsx,,3(BDL),128.0,16.0,,1.5(BDL),22,8.0,50.0,2.5,0.05(BDL),27,24.0,5(BDL),29.0,14.0,BDL,,,,,,,,,,,,,,,
3615.0,,Arakere Lake,"E (Irrigation, industrial cooling and controlled waste)",3.4,8.2,669.0,12.0,1.6,3300.0,11000.0,,,,,192.0,132.0,147.0,0.9,172.0,92.0,80.0,20,70.0,456.0,1.01,0.5(BDL),,0.27,FEB-2024.xlsx,,3(BDL),192.0,52.0,,1.5(BDL),66,7.0,46.0,2.0,3.12,28,26.0,5(BDL),37.0,19.0,BDL,,,,,,,,,,,,,,,
3616.0,,Kalena Agrahara Lake,"D (Propagation of wild life,fisheries)",4.3,8.0,580.0,5.0,1.3,3300.0,4800.0,,,,,140.0,124.0,48.0,0.8,188.0,100.0,88.0,16,60.0,396.0,0.2(BDL),0.5(BDL),,0.2(BDL),FEB-2024.xlsx,,3(BDL),140.0,26.6,,1.5(BDL),32,8.0,40.0,2.0,0.05(BDL),29,26.0,,40.0,21.0,BDL,,,,,,,,,,,,,,,
3618.0,,Singasandra Lake,"D (Propagation of wild life,fisheries)",4.5,8.5,634.0,6.0,1.6,2200.0,4900.0,,,,,176.0,132.0,55.0,0.4,212.0,112.0,100.0,31,65.0,,,,,,FEB-2024.xlsx,,64,112.0,68.0,,1.5(BDL),,7.0,39.0,3.0,,30,25.0,32,45.0,24.0,BDL,,,,,,,,,,,,,,,
3619.0,,Begur Tank,"E (Irrigation, industrial cooling and controlled waste)",3.5,7.28,998.0,11.0,2.3,1700.0,7900.0,,,,,200.0,156.0,103.0,0.61,244.0,128.0,116.0,31,92.0,680.0,0.2(BDL),0.5(BDL),,0.42,FEB-2024.xlsx,,3(BDL),200.0,14.3,,1.5(BDL),18,8.0,44.0,3.0,0.05(BDL),31,26.0,5(BDL),51.0,28.0,BDL,,,,,,,,,,,,,,,
3620.0,,Parappana Agrahara Lake,"E (Irrigation, industrial cooling and controlled waste)",2.3,8.5,1088.0,17.0,4.0,13000.0,33000.0,,,,,136.0,212.0,168.0,3.8,152.0,80.0,72.0,42,169.0,750.0,0.2(BDL),0.5(BDL),,0.27,FEB-2024.xlsx,,24,112.0,66.2,,4.84,86,40.0,70.0,6.0,0.3,32,28.0,12,32.0,18.0,BDL,,,,,,,,,,,,,,,
3621.0,,Haralur Lake,"E (Irrigation, industrial cooling and controlled waste)",3.2,9.0,836.0,15.0,3.0,1700.0,4600.0,,,,,128.0,148.0,140.0,2.0,120.0,64.0,56.0,30,109.0,576.0,0.43,0.5(BDL),,0.29,FEB-2024.xlsx,,16,112.0,69.4,,2.64,90,30.0,59.0,4.0,1.02,33,27.0,8,26.0,14.0,BDL,,,,,,,,,,,,,,,
3622.0,,Somasundrapalya Lake,"D (Propagation of wild life,fisheries)",4.4,8.0,694.0,7.0,2.0,2100.0,7000.0,,,,,100.0,108.0,60.0,0.4,112.0,60.0,52.0,25,80.0,470.0,0.2(BDL),0.5(BDL),,0.35,FEB-2024.xlsx,,3(BDL),100.0,39.3,,1.5(BDL),50,22.0,54.0,3.0,0.1,34,28.0,5(BDL),24.0,13.0,BDL,,,,,,,,,,,,,,,
3623.0,,Anekal Doddakere Tank,"D (Propagation of wild life,fisheries)",6.1,7.9,1150.0,4.0,4.5,170.0,2400.0,,,,,276.0,196.0,45.0,0.49,320.0,164.0,156.0,48,108.0,796.0,0.27,0.5(BDL),,0.4,FEB-2024.xlsx,,3(BDL),276.0,5.6,,1.5(BDL),10(BDL),24.0,40.0,2.6,0.76,35,34.0,5(BDL),66.0,38.0,BDL,,,,,,,,,,,,,,,
3624.0,,Puttenahalli Lake,"E (Irrigation, industrial cooling and controlled waste)",2.4,7.4,770.0,38.0,2.6,1700.0,7900.0,,,,,188.0,96.0,176.0,2.1,188.0,100.0,88.0,28,92.0,512.0,0.93,0.5(BDL),,0.25,FEB-2024.xlsx,,3(BDL),188.0,57.8,,2.9,72,21.0,48.0,3.0,2.5,36,26.0,5(BDL),40.0,21.0,BDL,,,,,,,,,,,,,,,
3625.0,,Hebbal Lake,"E (Irrigation, industrial cooling and controlled waste)",2.2,7.6,745.0,28.0,2.5,2200.0,9400.0,,,,,196.0,96.0,172.0,1.2,168.0,92.0,76.0,26,94.0,496.0,0.88,0.5(BDL),,0.27,FEB-2024.xlsx,,3(BDL),196.0,49.2,,1.8,60,21.0,51.0,3.0,2.3,37,28.0,5(BDL),37.0,18.0,BDL,,,,,,,,,,,,,,,
3626.0,,Nagavara Lake,"E (Irrigation, industrial cooling and controlled waste)",2.6,8.2,751.0,25.0,3.0,2100.0,11000.0,,,,,192.0,108.0,172.0,2.9,192.0,100.0,92.0,10,47.0,518.0,0.41,0.5(BDL),,0.22,FEB-2024.xlsx,,3(BDL),192.0,37.0,,3.77,48,21.0,32.0,1.4,0.52,38,28.0,5(BDL),40.0,22.0,BDL,,,,,,,,,,,,,,,
3627.0,,Jakkur Lake,"E (Irrigation, industrial cooling and controlled waste)",3,8.1,1173.0,18.0,4.0,14000.0,49000.0,,,,,352.0,212.0,164.0,2.4,272.0,140.0,132.0,11,142.0,809.0,1.52,0.5(BDL),,0.2(BDL),FEB-2024.xlsx,,3(BDL),352.0,74.0,,3.12,96,36.0,49.0,4.0,3.12,39,32.0,5(BDL),56.0,32.0,BDL,,,,,,,,,,,,,,,
3629.0,,Allalasandra Lake,"E (Irrigation, industrial cooling and controlled waste)",3.6,8.1,1248.0,32.0,4.0,2600.0,17000.0,,,,,336.0,224.0,188.0,4.5,296.0,152.0,144.0,10,137.0,857.0,1.67,0.5(BDL),,0.2(BDL),FEB-2024.xlsx,,3(BDL),336.0,75.0,,5.8,98,35.0,46.0,3.0,3.57,40,28.0,5(BDL),61.0,35.0,BDL,,,,,,,,,,,,,,,
3630.0,,Yelahanka Tank,"E (Irrigation, industrial cooling and controlled waste)",3.5,8.1,1255.0,31.0,4.0,2100.0,9400.0,,,,,320.0,240.0,184.0,4.4,300.0,156.0,144.0,12,125.0,853.0,1.23,0.5(BDL),,0.2(BDL),FEB-2024.xlsx,,3(BDL),320.0,63.0,,5.7,82,39.0,44.0,3.0,2.23,41,30.0,5(BDL),62.0,35.0,BDL,,,,,,,,,,,,,,,
3632.0,,Veerapura Tank,"D (Propagation of wild life,fisheries)",4.4,7.6,692.0,8.0,2.4,3200.0,9400.0,,,,,76.0,88.0,88.0,0.4,132.0,72.0,60.0,48,65.0,470.0,0.2(BDL),0.5(BDL),,0.35,FEB-2024.xlsx,,3(BDL),76.0,115.0,,1.5(BDL),148,12.0,48.0,2.0,0.48,42,32.0,5(BDL),29.0,15.0,BDL,,,,,,,,,,,,,,,
3633.0,,Subramanyapura Tank,"D (Propagation of wild life,fisheries)",5.5,7.5,874.0,5.0,3.5,1700.0,7000.0,,,,,172.0,144.0,48.0,0.42,164.0,88.0,76.0,35,76.0,594.0,0.33,0.5(BDL),,0.39,FEB-2024.xlsx,,3(BDL),172.0,39.6,,1.5(BDL),50,4.0,50.0,3.0,0.86,43,29.0,5(BDL),35.0,18.0,BDL,,,,,,,,,,,,,,,
3634.0,,Devarakere Tank,"D (Propagation of wild life,fisheries)",4.4,7.9,292.0,11.0,1.0,2100.0,9400.0,,,,,100.0,32.0,104.0,0.9,68.0,40.0,28.0,6,30.0,202.0,0.2(BDL),0.5(BDL),,0.2(BDL),FEB-2024.xlsx,,3(BDL),100.0,12.8,,1.5(BDL),16,12.0,44.0,1.6,0.6,44,37.0,5(BDL),16.0,7.0,BDL,,,,,,,,,,,,,,,
3635.0,,Malathahalli Lake,"D (Propagation of wild life,fisheries)",4.6,7.7,1198.0,7.0,7.2,270.0,2400.0,,,,,244.0,88.0,84.0,0.9,492.0,252.0,240.0,120,217.0,824.0,0.2(BDL),0.5(BDL),,0.29,FEB-2024.xlsx,,3(BDL),244.0,6.6,,1.5(BDL),10(BDL),41.0,46.0,4.2,0.4,45,25.3,5(BDL),101.0,58.0,BDL,,,,,,,,,,,,,,,
3636.0,,Hoskere Lake,"D (Propagation of wild life,fisheries)",5.2,6.9,919.0,6.0,3.7,330.0,3500.0,,,,,308.0,80.0,56.0,0.4,292.0,152.0,140.0,20,79.0,624.0,0.2(BDL),0.5(BDL),,0.27,FEB-2024.xlsx,,3(BDL),308.0,27.0,,1.5(BDL),36,6.0,36.0,2.0,0.36,46,28.0,5(BDL),61.0,34.0,BDL,,,,,,,,,,,,,,,
3638.0,,Yelachenahalli Lake,"D (Propagation of wild life,fisheries)",4.7,7.4,466.0,5.0,1.79,1700.0,4800.0,,,,,104.0,76.0,45.0,0.68,124.0,68.0,56.0,19,40.0,318.0,0.2(BDL),0.5(BDL),,0.2(BDL),FEB-2024.xlsx,,3(BDL),104.0,4.9,,1.5(BDL),10(BDL),9.0,39.0,1.5,0.05(BDL),47,28.0,5(BDL),27.0,14.0,BDL,,,,,,,,,,,,,,,
3640.0,,Uttarahalli Doraikere,"E (Irrigation, industrial cooling and controlled waste)",0.9,6.9,1893.0,40.0,6.9,78000.0,330000.0,,,,,692.0,228.0,273.0,28.6,560.0,300.0,260.0,23,203.0,1296.0,4.5,0.5(BDL),,0.2(BDL),FEB-2024.xlsx,,3(BDL),692.0,48.0,,37.2,62,36.0,42.0,3.7,10.5,48,27.9,5(BDL),120.0,63.0,BDL,,,,,,,,,,,,,,,
3641.0,,Dhorekere Tank,"E (Irrigation, industrial cooling and controlled waste)",1.2,6.6,675.0,28.0,2.3,2200.0,7900.0,,,,,228.0,52.0,188.0,20.4,104.0,56.0,48.0,19,72.0,470.0,3.3,0.5(BDL),,0.2(BDL),FEB-2024.xlsx,,3(BDL),228.0,206.0,,26.5,264,22.0,52.0,3.0,6.9,49,37.6,5(BDL),22.0,12.0,BDL,,,,,,,,,,,,,,,
3642.0,,Jigani Tank,"D (Propagation of wild life,fisheries)",6.2,7.8,1147.0,4.0,4.4,580.0,3500.0,,,,,268.0,188.0,44.0,0.4,312.0,160.0,152.0,47,105.0,790.0,0.25,0.5(BDL),,0.38,FEB-2024.xlsx,,3(BDL),268.0,5.2,,1.5(BDL),10(BDL),23.0,40.0,2.6,0.71,50,33.0,5(BDL),64.0,37.0,BDL,,,,,,,,,,,,,,,
3643.0,,Benniganahalli Lake,"D (Propagation of wild life,fisheries)",6.2,7.3,571.0,4.0,2.19,580.0,3500.0,,,,,128.0,92.0,45.0,0.4,152.0,80.0,72.0,23,50.0,392.0,0.2(BDL),0.5(BDL),,0.29,FEB-2024.xlsx,,3(BDL),128.0,4.9,,1.5(BDL),10(BDL),11.0,39.0,1.76,0.5,51,19.0,5(BDL),32.0,18.0,BDL,,,,,,,,,,,,,,,
4094.0,,Gangondanahalli Lake,"E (Irrigation, industrial cooling and controlled waste)",0.3(BDL),7.3,3010.0,86.0,11.5,13000000.0,33000000.0,,,,,704.0,512.0,383.0,26.0,824.0,416.0,408.0,123,241.0,2088.0,1.48,0.5(BDL),,0.29,FEB-2024.xlsx,,3(BDL),704.0,18.2,,32,22,60.0,37.0,3.6,4.01,52,27.0,5(BDL),166.0,99.0,BDL,,,,,,,,,,,,,,,
4095.0,,Chikkabanavara Lake,"E (Irrigation, industrial cooling and controlled waste)",0.9,7.6,1268.0,17.0,6.7,1100.0,7900.0,,,,,476.0,296.0,116.0,1.3,536.0,272.0,264.0,40,195.0,882.0,1.4,0.5(BDL),,0.2(BDL),FEB-2024.xlsx,,3(BDL),476.0,14.4,,1.7,18,34.0,42.0,3.7,2.6,53,26.0,5(BDL),109.0,64.0,BDL,,,,,,,,,,,,,,,
4096.0,,Andhrahalli Lake,"E (Irrigation, industrial cooling and controlled waste)",3.3,8.0,2290.0,16.0,9.24,,,,,,,360.0,380.0,120.0,1.2,496.0,252.0,244.0,70,228.0,1556.0,1.02,,,0.46,FEB-2024.xlsx,,3(BDL),360.0,7.2,,1.56,10(BDL),57.0,40.0,4.0,2.07,54,28.0,5(BDL),101.0,59.0,BDL,,,,,,,,,,,,,,,
4097.0,,Kachohalli Lake,"E (Irrigation, industrial cooling and controlled waste)",0.3(BDL),7.6,3040.0,94.0,11.7,2600.0,7000.0,,,,,712.0,516.0,395.0,21.0,832.0,420.0,412.0,124,243.0,2116.0,1.52,0.5(BDL),,0.32,FEB-2024.xlsx,,3(BDL),712.0,17.1,,26,20,61.0,37.0,3.6,4.16,55,26.0,5(BDL),168.0,100.0,BDL,,,,,,,,,,,,,,,
4107.0,,"River Dakshina Pinakini Near Mugalur Bridge Mugalur, Bengaluru","E (Irrigation, industrial cooling and controlled waste)",3.2,8.18,2040.0,10.0,10.9,1100000.0,3300000.0,,,,,476.0,396.0,116.0,3.0,556.0,284.0,272.0,19,180.0,1386.0,1.25,0.5(BDL),,0.4,FEB-2024.xlsx,,3(BDL),476.0,56.0,,4,74,21.0,40.0,4.0,3.8,56,22.0,5(BDL),114.0,66.0,BDL,,,,,,,,,,,,,,,
4503.0,,Madhure Tank,"D (Propagation of wild life,fisheries)",6.2,7.5,312.0,5.0,0.85,1700.0,7900.0,,,,,84.0,16.0,48.0,0.4,84.0,48.0,36.0,5(BDL),19.0,212.0,0.2(BDL),0.5(BDL),,0.2(BDL),FEB-2024.xlsx,,3(BDL),84.0,36.2,,1.5(BDL),46,6.0,17.0,1.0,0.05(BDL),57,32.0,5(BDL),19.0,9.0,BDL,,,,,,,,,,,,,,,
4504.0,,Sarakki Lake,"D (Propagation of wild life,fisheries)",5.1,7.8,955.0,4.0,3.67,260.0,3500.0,,,,,220.0,160.0,44.0,0.61,252.0,132.0,120.0,39,89.0,650.0,0.25,0.5(BDL),,0.38,FEB-2024.xlsx,,3(BDL),220.0,3.9,,1.5(BDL),10(BDL),19.0,41.0,2.4,0.7,58,28.0,5(BDL),53.0,29.0,BDL,,,,,,,,,,,,,,,
4505.0,,Nelamangala Lake,"D (Propagation of wild life,fisheries)",4.2,6.9,1856.0,10.0,5.9,2200.0,4900.0,,,,,524.0,292.0,99.0,0.99,504.0,260.0,244.0,29,179.0,1264.0,2,0.5(BDL),,0.44,FEB-2024.xlsx,,3(BDL),524.0,3.3,,1.5(BDL),10(BDL),23.0,42.0,3.5,5.8,59,31.0,5(BDL),104.0,59.0,BDL,,,,,,,,,,,,,,,
4506.0,,Abbigere Lake,"E (Irrigation, industrial cooling and controlled waste)",0.5,7.8,1392.0,20.0,6.4,3100.0,9400.0,,,,,672.0,220.0,133.0,4.0,456.0,232.0,224.0,28,190.0,966.0,1.5,0.5(BDL),,0.24,FEB-2024.xlsx,,3(BDL),672.0,18.2,,5.2,24,34.0,45.0,3.8,5.5,60,26.0,5(BDL),93.0,54.0,BDL,,,,,,,,,,,,,,,
4507.0,,Chelekere Lake,"E (Irrigation, industrial cooling and controlled waste)",2.3,7.9,754.0,27.0,3.0,2100.0,13000.0,,,,,192.0,92.0,172.0,2.8,176.0,92.0,84.0,11,47.0,510.0,0.44,0.5(BDL),,0.2(BDL),FEB-2024.xlsx,,3(BDL),192.0,38.0,,3.6,49,23.0,37.0,2.0,0.63,61,34.0,5(BDL),37.0,20.0,BDL,,,,,,,,,,,,,,,
4508.0,,Singapura Lake,"E (Irrigation, industrial cooling and controlled waste)",2.2,7.9,755.0,19.0,3.0,2200.0,9400.0,,,,,200.0,104.0,168.0,2.4,192.0,100.0,92.0,10,49.0,513.0,0.52,0.5(BDL),,0.21,FEB-2024.xlsx,,3(BDL),200.0,46.0,,3.12,60,22.0,33.0,2.0,0.81,62,33.0,5(BDL),40.0,22.0,BDL,,,,,,,,,,,,,,,
4509.0,,Narasipura Lake,"E (Irrigation, industrial cooling and controlled waste)",2.4,8.0,758.0,17.0,3.0,6800.0,33000.0,,,,,192.0,108.0,168.0,2.5,188.0,100.0,88.0,11,58.0,520.0,0.55,0.5(BDL),,0.21,FEB-2024.xlsx,,3(BDL),192.0,39.0,,3.25,50,23.0,37.0,2.0,0.66,63,32.0,5(BDL),40.0,21.0,BDL,,,,,,,,,,,,,,,
4510.0,,Rachenahalli Lake,"E (Irrigation, industrial cooling and controlled waste)",3,8.0,931.0,17.0,3.0,1200.0,7900.0,,,,,272.0,160.0,168.0,2.3,248.0,128.0,120.0,6,76.0,642.0,0.8,0.5(BDL),,0.2(BDL),FEB-2024.xlsx,,3(BDL),272.0,44.0,,2.9,57,25.0,37.0,2.0,0.96,64,34.0,5(BDL),51.0,29.0,BDL,,,,,,,,,,,,,,,
4511.0,,Kogilu Kere,"E (Irrigation, industrial cooling and controlled waste)",2.8,8.0,758.0,29.0,3.0,1700.0,4800.0,,,,,196.0,96.0,172.0,2.8,176.0,92.0,84.0,10,110.0,515.0,0.41,0.5(BDL),,0.22,FEB-2024.xlsx,,3(BDL),196.0,48.0,,3.6,62,21.0,55.0,3.0,0.52,65,34.0,5(BDL),37.0,20.0,BDL,,,,,,,,,,,,,,,
4513.0,,Ramammana Kere,"D (Propagation of wild life,fisheries)",4.8,8.0,1114.0,8.0,6.0,170.0,2400.0,,,,,412.0,292.0,70.0,0.83,556.0,284.0,272.0,5(BDL),184.0,778.0,1.3,0.5(BDL),,0.2(BDL),FEB-2024.xlsx,,3(BDL),412.0,8.4,,1.5(BDL),10(BDL),37.0,40.0,3.4,4.6,66,26.0,5(BDL),114.0,66.0,BDL,,,,,,,,,,,,,,,
4514.0,,Sadaramangala Lake,"E (Irrigation, industrial cooling and controlled waste)",3.5,7.1,819.0,19.0,3.3,1400.0,4900.0,,,,,140.0,164.0,128.0,1.5,216.0,112.0,104.0,32,100.0,580.0,1.5,0.5(BDL),,0.2(BDL),FEB-2024.xlsx,,3(BDL),140.0,15.0,,2,20,15.0,48.0,3.0,2.9,67,27.0,5(BDL),45.0,25.0,BDL,,,,,,,,,,,,,,,
4515.0,,Bhattarahalli Lake,"D (Propagation of wild life,fisheries)",5.9,8.5,907.0,7.0,3.6,3300.0,7900.0,,,,,124.0,176.0,60.0,0.51,80.0,44.0,36.0,34,73.0,616.0,0.2(BDL),0.5(BDL),,0.48,FEB-2024.xlsx,,40,84.0,15.1,,1.5(BDL),20,6.0,64.0,4.0,0.05(BDL),68,22.0,20,18.0,9.0,BDL,,,,,,,,,,,,,,,
4516.0,,Kundalahalli Lake,"D (Propagation of wild life,fisheries)",4.6,8.5,1581.0,8.0,5.5,320.0,3500.0,,,,,204.0,364.0,92.0,0.4,296.0,156.0,140.0,44,201.0,1046.0,0.95,0.5(BDL),,0.2(BDL),FEB-2024.xlsx,,48,156.0,77.8,,1.5(BDL),98,22.0,57.0,5.0,2.8,69,28.0,24,62.0,34.0,BDL,,,,,,,,,,,,,,,
4518.0,,Garudacharpalya Tank,"D (Propagation of wild life,fisheries)",4.4,8.1,700.0,11.0,2.7,1700.0,4600.0,,,,,164.0,116.0,101.0,0.8,148.0,80.0,68.0,13,82.0,476.0,1.2,0.5(BDL),,0.2(BDL),FEB-2024.xlsx,,3(BDL),164.0,8.5,,1.5(BDL),10(BDL),15.0,51.0,2.9,4.3,70,26.0,5(BDL),32.0,17.0,BDL,,,,,,,,,,,,,,,
4519.0,,Rampura Lake,"E (Irrigation, industrial cooling and controlled waste)",0.3(BDL),6.7,1636.0,74.0,6.0,2600.0,11000.0,,,,,484.0,216.0,488.0,20.2,328.0,168.0,160.0,23,250.0,1112.0,1.64,0.5(BDL),,0.34,FEB-2024.xlsx,,3(BDL),484.0,46.0,,26.3,60,37.0,59.0,6.0,3.49,71,27.0,5(BDL),67.0,39.0,BDL,,,,,,,,,,,,,,,
4520.0,,Chinnappanahalli Lake,"D (Propagation of wild life,fisheries)",4.9,8.5,615.0,9.0,2.4,580.0,3500.0,,,,,128.0,108.0,84.0,0.77,96.0,52.0,44.0,16,76.0,430.0,0.2(BDL),0.5(BDL),,0.3,FEB-2024.xlsx,,24,104.0,8.4,,1.5(BDL),10(BDL),13.0,59.0,3.4,0.05(BDL),72,27.0,12,21.0,11.0,BDL,,,,,,,,,,,,,,,
4521.0,,Devarabeesanahalli Lake,"E (Irrigation, industrial cooling and controlled waste)",1.2,7.5,998.0,18.0,4.0,2600.0,9400.0,,,,,120.0,188.0,156.0,3.2,136.0,72.0,64.0,28,120.0,678.0,0.2(BDL),0.5(BDL),,0.36,FEB-2024.xlsx,,3(BDL),120.0,79.0,,4.16,104,28.0,60.0,4.0,0.05(BDL),73,28.0,5(BDL),29.0,16.0,BDL,,,,,,,,,,,,,,,
4522.0,,Vibhuthipura Lake,"D (Propagation of wild life,fisheries)",5.9,7.8,646.0,7.0,2.1,210.0,3500.0,,,,,104.0,60.0,60.0,0.4,136.0,72.0,64.0,29,55.0,438.0,0.2(BDL),0.5(BDL),,0.2(BDL),FEB-2024.xlsx,,3(BDL),104.0,39.3,,1.5(BDL),50,14.0,43.0,2.0,0.05(BDL),74,21.0,5(BDL),29.0,16.0,BDL,,,,,,,,,,,,,,,
4523.0,,Nallurahalli Lake,"D (Propagation of wild life,fisheries)",4.9,6.6,750.0,9.0,4.7,1700.0,13000.0,,,,,76.0,240.0,86.0,0.79,260.0,136.0,124.0,118,140.0,520.0,0.3,0.5(BDL),,0.4,FEB-2024.xlsx,,3(BDL),76.0,7.3,,1.5(BDL),20,16.0,52.0,3.8,0.8,75,27.0,5(BDL),54.0,30.0,BDL,,,,,,,,,,,,,,,
4524.0,,Pattandur Agrahara Lake,"E (Irrigation, industrial cooling and controlled waste)",4.7,7.4,2269.0,10.0,10.0,2100.0,9400.0,,,,,416.0,552.0,90.0,0.72,524.0,268.0,256.0,61,291.0,1552.0,3.1,0.5(BDL),,0.25,FEB-2024.xlsx,,3(BDL),416.0,9.8,,1.5(BDL),20,30.0,69.0,5.5,6.2,76,26.0,5(BDL),107.0,62.0,BDL,,,,,,,,,,,,,,,
4525.0,,Seetharampalya Lake,"D (Propagation of wild life,fisheries)",4.6,8.5,1020.0,10.0,5.6,2600.0,4800.0,,,,,224.0,124.0,98.0,0.82,284.0,148.0,136.0,36,163.0,652.0,1.7,0.5(BDL),,0.2(BDL),FEB-2024.xlsx,,64,160.0,9.7,,1.5(BDL),12,22.0,53.0,4.2,6,77,26.0,32,59.0,33.0,BDL,,,,,,,,,,,,,,,
4526.0,,Devasandra Lake,"E (Irrigation, industrial cooling and controlled waste)",3.3,6.5,624.0,16.0,2.39,17000.0,33000.0,,,,,140.0,100.0,133.0,3.6,168.0,88.0,80.0,25,60.0,430.0,0.59,0.5(BDL),,0.2(BDL),FEB-2024.xlsx,,3(BDL),140.0,38.8,,4.5,46,12.0,42.0,2.0,1.72,78,20.0,5(BDL),35.0,19.0,BDL,,,,,,,,,,,,,,,
4527.0,,Sheelavanta-Whitefield Lake,"D (Propagation of wild life,fisheries)",4.7,8.1,1235.0,10.0,10.0,14000.0,46000.0,,,,,208.0,292.0,94.0,0.76,248.0,128.0,120.0,26,164.0,850.0,2,0.5(BDL),,0.2(BDL),FEB-2024.xlsx,,3(BDL),208.0,10.2,,1.5(BDL),14,20.0,57.0,4.5,3.7,79,24.0,5(BDL),51.0,29.0,BDL,,,,,,,,,,,,,,,
4528.0,,Doddakannehalli Lake,"E (Irrigation, industrial cooling and controlled waste)",1.3,7.9,2015.0,17.0,7.0,2300.0,7900.0,,,,,564.0,332.0,132.0,2.3,340.0,176.0,164.0,108,252.0,1370.0,1.64,0.5(BDL),,0.36,FEB-2024.xlsx,,3(BDL),564.0,122.0,,2.86,158,40.0,58.0,6.0,3.49,80,28.0,5(BDL),70.0,40.0,BDL,,,,,,,,,,,,,,,
4529.0,,Kasavanahalli Lake,"D (Propagation of wild life,fisheries)",6,7.7,986.0,5.0,4.0,220.0,2400.0,,,,,120.0,184.0,48.0,0.46,148.0,80.0,68.0,34,118.0,680.0,0.2(BDL),0.5(BDL),,0.27,FEB-2024.xlsx,,3(BDL),120.0,5.7,,1.5(BDL),10(BDL),30.0,58.0,4.0,0.21,81,27.0,5(BDL),32.0,17.0,BDL,,,,,,,,,,,,,,,
4530.0,,Kammasandra Lake,"E (Irrigation, industrial cooling and controlled waste)",0.3(BDL),7.4,2356.0,90.0,9.0,310000.0,940000.0,,,,,552.0,400.0,369.0,21.0,640.0,324.0,316.0,96,188.0,1648.0,0.76,0.5(BDL),,0.48,FEB-2024.xlsx,,3(BDL),552.0,16.2,,27,20,47.0,37.0,3.2,2.16,82,23.0,5(BDL),130.0,77.0,BDL,,,,,,,,,,,,,,,
4531.0,,Rayasandra Lake,"E (Irrigation, industrial cooling and controlled waste)",0.3(BDL),7.7,2250.0,66.0,8.6,1700.0,7900.0,,,,,524.0,380.0,328.0,4.9,612.0,308.0,304.0,92,180.0,1562.0,0.69,0.5(BDL),,0.46,FEB-2024.xlsx,,3(BDL),524.0,8.1,,5.8,10(BDL),45.0,37.0,3.2,1.93,83,21.0,5(BDL),123.0,74.0,BDL,,,,,,,,,,,,,,,
4532.0,,Chandapura Lake,"E (Irrigation, industrial cooling and controlled waste)",0.3(BDL),7.19,2552.0,51.0,11.0,140000.0,490000.0,,,,,608.0,448.0,354.0,32.0,708.0,360.0,348.0,34,236.0,1736.0,0.96,0.5(BDL),,0.67,FEB-2024.xlsx,,3(BDL),608.0,14.0,,42,150,28.0,45.0,5.0,2.97,84,24.0,5(BDL),144.0,85.0,BDL,,,,,,,,,,,,,,,
4534.0,,Sompura Lake,"D (Propagation of wild life,fisheries)",4.8,8.7,1284.0,9.0,5.5,170.0,2400.0,,,,,528.0,164.0,80.0,0.78,188.0,96.0,92.0,47,164.0,894.0,0.2(BDL),0.5(BDL),,0.21,FEB-2024.xlsx,,96,632.0,9.2,,1.5(BDL),12,32.0,61.0,5.2,0.05(BDL),85,27.6,48,38.0,22.0,BDL,,,,,,,,,,,,,,,
4536.0,,Hosakerehalli Lake,"E (Irrigation, industrial cooling and controlled waste)",1.5,6.7,1038.0,17.0,4.3,240.0,3500.0,,,,,500.0,104.0,114.0,2.8,316.0,164.0,152.0,9,136.0,724.0,6,0.5(BDL),,0.2(BDL),FEB-2024.xlsx,,3(BDL),500.0,18.5,,3.6,24,30.0,45.0,3.3,13.4,86,28.8,5(BDL),66.0,37.0,BDL,,,,,,,,,,,,,,,
4537.0,,Chinnakurchi Kere,"D (Propagation of wild life,fisheries)",4.6,8.8,1400.0,9.0,6.7,3400.0,13000.0,,,,,716.0,204.0,86.0,0.91,296.0,152.0,144.0,46,197.0,972.0,0.4,0.5(BDL),,0.24,FEB-2024.xlsx,,104,612.0,7.8,,1.5(BDL),10(BDL),36.0,55.0,5.0,1,87,26.7,52,61.0,35.0,BDL,,,,,,,,,,,,,,,
4538.0,,Machohalli Lake,"E (Irrigation, industrial cooling and controlled waste)",0.3(BDL),7.7,3090.0,120.0,11.8,14000.0,46000.0,,,,,724.0,528.0,401.0,24.0,848.0,428.0,420.0,126,247.0,2156.0,1.65,0.5(BDL),,0.26,FEB-2024.xlsx,,3(BDL),724.0,18.4,,30,24,62.0,37.0,3.7,4.54,88,26.0,5(BDL),171.0,102.0,BDL,,,,,,,,,,,,,,,
4539.0,,Doddabidarakallu Lake,"E (Irrigation, industrial cooling and controlled waste)",0.8,7.6,1185.0,18.0,6.0,1100000.0,4900000.0,,,,,456.0,152.0,120.0,2.0,436.0,224.0,212.0,53,174.0,525.0,2,0.5(BDL),,0.28,FEB-2024.xlsx,,3(BDL),456.0,20.5,,3.3,28,35.0,44.0,3.6,5.9,89,27.0,5(BDL),90.0,52.0,BDL,,,,,,,,,,,,,,,
4540.0,,Kammagondanahalli Lake,"E (Irrigation, industrial cooling and controlled waste)",0.7,7.8,1360.0,18.0,6.6,1700.0,4800.0,,,,,652.0,216.0,120.0,2.2,428.0,220.0,208.0,23,191.0,944.0,6,0.5(BDL),,0.22,FEB-2024.xlsx,,3(BDL),652.0,18.6,,2.9,24,35.0,34.0,4.0,14.7,90,29.0,5(BDL),88.0,51.0,BDL,,,,,,,,,,,,,,,
4542.0,,Basavanapura Lake,"D (Propagation of wild life,fisheries)",4.4,7.4,641.0,8.0,1.1,11000.0,33000.0,,,,,148.0,100.0,83.0,0.4,192.0,104.0,88.0,23,60.0,370.0,0.2(BDL),0.5(BDL),,0.32,FEB-2024.xlsx,,3(BDL),148.0,54.0,,1.5(BDL),68,8.0,39.0,2.0,0.05(BDL),91,26.0,5(BDL),42.0,21.0,BDL,,,,,,,,,,,,,,,
4543.0,,Kodi Singasandra Lake,"D (Propagation of wild life,fisheries)",4.2,7.28,1014.0,5.0,2.5,2400.0,4800.0,,,,,180.0,224.0,55.0,0.4,236.0,124.0,112.0,52,96.0,670.0,0.2(BDL),0.5(BDL),,0.47,FEB-2024.xlsx,,3(BDL),180.0,12.3,,1.5(BDL),16,6.0,46.0,3.0,0.05(BDL),92,26.0,5(BDL),50.0,27.0,BDL,,,,,,,,,,,,,,,
4544.0,,Kothanuru Lake,"D (Propagation of wild life,fisheries)",4.3,7.6,457.0,7.0,,2700.0,11000.0,,,,,136.0,44.0,63.0,0.9,204.0,108.0,96.0,17,39.0,320.0,0.2(BDL),0.5(BDL),,0.3,FEB-2024.xlsx,,3(BDL),136.0,12.3,,1.5(BDL),16,4.0,29.0,1.1,0.05(BDL),93,25.6,5(BDL),43.0,23.0,BDL,,,,,,,,,,,,,,,
4547.0,,Mangamanapalya Lake(Swarana Kunte),"E (Irrigation, industrial cooling and controlled waste)",3,7.6,1135.0,15.0,3.6,13000.0,46000.0,,,,,320.0,176.0,149.0,10.0,308.0,160.0,148.0,17,110.0,774.0,1.2,0.5(BDL),,0.36,FEB-2024.xlsx,,3(BDL),320.0,130.0,,13,170,14.0,42.0,2.7,3.2,94,27.0,5(BDL),64.0,36.0,BDL,,,,,,,,,,,,,,,
5558.0,,"Kannahalli Lake Kannahalli, Bengaluru","D (Propagation of wild life,fisheries)",4.1,7.4,1713.0,5.0,6.6,1700.0,7900.0,,,,,400.0,292.0,48.0,0.86,460.0,236.0,224.0,70,137.0,1186.0,0.5,0.5(BDL),,0.2(BDL),FEB-2024.xlsx,,3(BDL),400.0,9.8,,1.5(BDL),14,34.0,37.0,2.7,1.4,95,27.0,5(BDL),94.0,54.0,BDL,,,,,,,,,,,,,,,
5560.0,,"Hoodi (Rajapalya Lake) Itpl Main Road, Near Hoodi,Bengaluru","D (Propagation of wild life,fisheries)",4.8,8.5,990.0,10.0,5.6,2100.0,11000.0,,,,,220.0,168.0,94.0,0.84,268.0,140.0,128.0,29,163.0,678.0,1.5,0.5(BDL),,0.23,FEB-2024.xlsx,,64,136.0,6.8,,1.5(BDL),10(BDL),23.0,54.0,4.3,5.5,96,27.0,32,56.0,31.0,BDL,,,,,,,,,,,,,,,
5561.0,,"Munekolalu Lake ,Marathahalli, East Taluka ,Bengaluru","D (Propagation of wild life,fisheries)",4.8,8.4,760.0,10.0,2.9,1700.0,7900.0,,,,,176.0,120.0,99.0,0.83,164.0,88.0,76.0,21,93.0,522.0,0.9,0.5(BDL),,0.2(BDL),FEB-2024.xlsx,,32,144.0,11.2,,1.5(BDL),18,19.0,52.0,3.2,1.8,97,26.0,16,35.0,18.0,BDL,,,,,,,,,,,,,,,
5562.0,,"Mahadevpuraâ  Lake, K. R. Puram , Bangalore East Taluka","D (Propagation of wild life,fisheries)",5.6,8.5,634.0,6.0,22.0,140.0,2400.0,,,,,116.0,104.0,56.0,0.4,100.0,56.0,44.0,10,95.0,426.0,0.2(BDL),0.5(BDL),,0.2(BDL),FEB-2024.xlsx,,32,84.0,38.6,,1.5(BDL),52,20.0,62.0,4.0,0.05(BDL),98,27.0,16,22.0,11.0,BDL,,,,,,,,,,,,,,,
5563.0,,"Segehalli Lake Baavanapura Road Battarahalli , Bangalore East","E (Irrigation, industrial cooling and controlled waste)",3.2,7.8,996.0,13.0,3.8,14000.0,46000.0,,,,,228.0,164.0,125.0,3.8,268.0,140.0,128.0,41,99.0,690.0,0.57,0.5(BDL),,0.33,FEB-2024.xlsx,,3(BDL),228.0,42.8,,4.7,50,20.0,42.0,2.6,1.66,99,21.0,5(BDL),56.0,31.0,BDL,,,,,,,,,,,,,,,
5564.0,,"Kannamangala Lake Hoskote Main Road , Bengalore","D (Propagation of wild life,fisheries)",4.2,7.7,1950.0,8.0,7.8,3400.0,13000.0,,,,,260.0,156.0,92.0,0.99,400.0,204.0,196.0,35,180.0,1326.0,0.57,0.5(BDL),,0.2(BDL),FEB-2024.xlsx,,3(BDL),260.0,37.2,,1.5(BDL),48,14.0,48.0,4.0,1.45,100,21.0,5(BDL),82.0,48.0,BDL,,,,,,,,,,,,,,,
5565.0,,Kannur Lake Near By Hennur Road Bengalore,"D (Propagation of wild life,fisheries)",5.2,7.9,1442.0,8.0,5.0,2100.0,7000.0,,,,,508.0,176.0,80.0,0.4,120.0,64.0,56.0,6,116.0,994.0,0.2(BDL),0.5(BDL),,0.41,FEB-2024.xlsx,,3(BDL),508.0,35.2,,1.5(BDL),46,53.0,46.0,5.0,0.28,101,27.0,5(BDL),26.0,14.0,BDL,,,,,,,,,,,,,,,
5566.0,,"Basavanapura Lake Ayyappa Nagr Main Road , K. R. Puram , B'lore","D (Propagation of wild life,fisheries)",4.7,7.9,541.0,9.0,1.77,2200.0,24000.0,,,,,100.0,64.0,80.0,0.72,68.0,40.0,28.0,27,32.0,368.0,0.2(BDL),0.5(BDL),,0.28,FEB-2024.xlsx,,3(BDL),100.0,16.5,,1.5(BDL),20,2.0,49.0,2.0,0.31,102,22.0,5(BDL),16.0,7.0,BDL,,,,,,,,,,,,,,,
5567.0,,"Doddakallasandra Lake,Bengaluru","E (Irrigation, industrial cooling and controlled waste)",3.2,7.1,879.0,15.0,3.2,2700.0,11000.0,,,,,112.0,148.0,149.0,2.99,188.0,100.0,88.0,14,86.0,600.0,0.2(BDL),0.5(BDL),,0.34,FEB-2024.xlsx,,3(BDL),112.0,185.0,,3.89,240,11.0,48.0,2.7,0.05(BDL),103,26.0,5(BDL),40.0,21.0,BDL,,,,,,,,,,,,,,,
5568.0,,"Ulsoor Lake Near Kalyani,Bengaluru","D (Propagation of wild life,fisheries)",4.5,6.9,730.0,8.0,2.5,3300.0,11000.0,,,,,136.0,92.0,72.0,0.4,116.0,64.0,52.0,30,81.0,492.0,0.48,0.5(BDL),,0.28,FEB-2024.xlsx,,3(BDL),136.0,13.2,,1.5(BDL),18,20.0,55.0,3.0,1.2,104,29.0,5(BDL),26.0,13.0,BDL,,,,,,,,,,,,,,,
5569.0,,"Byrasandra Upper Lake,Bengaluru","D (Propagation of wild life,fisheries)",4.4,7.0,723.0,8.0,2.5,1400.0,4600.0,,,,,128.0,92.0,92.0,0.4,120.0,72.0,48.0,28,84.0,486.0,0.44,0.5(BDL),,0.28,FEB-2024.xlsx,,3(BDL),128.0,8.2,,1.5(BDL),10(BDL),20.0,55.0,3.0,1,105,29.0,5(BDL),29.0,12.0,BDL,,,,,,,,,,,,,,,
5570.0,,"Soulkere, Kaikondrahalli Vill,Bengaluru","E (Irrigation, industrial cooling and controlled waste)",3.4,7.9,2084.0,9.0,7.0,2700.0,11000.0,,,,,560.0,316.0,92.0,0.87,300.0,156.0,144.0,84,286.0,1436.0,1.28,0.5(BDL),,0.28,FEB-2024.xlsx,,3(BDL),560.0,92.0,,1.5(BDL),120,41.0,42.0,4.0,1.63,106,27.0,5(BDL),62.0,35.0,BDL,,,,,,,,,,,,,,,
5571.0,,"Kudlu Doddakere, Kudlu Vill,Bengaluru","E (Irrigation, industrial cooling and controlled waste)",3.2,8.6,1167.0,15.0,4.0,2200.0,4900.0,,,,,140.0,216.0,116.0,2.0,144.0,76.0,68.0,62,145.0,792.0,0.2(BDL),0.5(BDL),,0.25,FEB-2024.xlsx,,24,116.0,98.6,,2.64,128,31.0,64.0,5.0,0.14,107,27.0,12,30.0,17.0,BDL,,,,,,,,,,,,,,,
5572.0,,"Kudlu Chikkakere, Bgp Layout Kudlu Vill ,Bengaluru","D (Propagation of wild life,fisheries)",5.3,8.5,863.0,6.0,3.0,320.0,3500.0,,,,,132.0,156.0,56.0,0.48,132.0,72.0,60.0,31,107.0,586.0,0.31,0.5(BDL),,0.22,FEB-2024.xlsx,,32,100.0,55.8,,1.5(BDL),72,29.0,58.0,4.0,0.8,108,27.0,16,29.0,15.0,BDL,,,,,,,,,,,,,,,
5574.0,,"Anjanapura Lake ( Avala Halli Lake) Anjanapura,Bengaluru","D (Propagation of wild life,fisheries)",4.3,7.49,443.0,6.0,0.81,1700.0,7000.0,,,,,144.0,48.0,55.0,0.4,152.0,84.0,68.0,8,46.0,306.0,0.2(BDL),0.5(BDL),,0.27,FEB-2024.xlsx,,3(BDL),144.0,10.1,,1.5(BDL),14,4.0,38.0,2.0,0.05(BDL),109,26.0,5(BDL),34.0,17.0,BDL,,,,,,,,,,,,,,,
,,,,,,,,,,,,,,,,,,,,,,,,,,,,,FEB-2024.xlsx,,,,,,,,,,,,Note: BDL - Below Detection Limit (Detection limits of analytes as per CPCB).,,,,,,,,,,,,,,,,,,,,
,Jul,DEVASANDRA LAKE,"D (Propagation of wild life,fisheries)",4.4,8.2,392.0,7.0,1,6300.0,54000.0,,,,,80.0,64.0,88.0,0.48,72.0,44.0,28.0,15,73.0,268,0.56,,,,JUL-23.xlsx,,3(BDL),80.0,35.6,5(BDL),,,13,,,,,,,,,,0.5(BDL),0.23,,,,,,,,,,,,,
,Jul,HEBBAL LAKE,"D (Propagation of wild life,fisheries)",4.7,7.2,550.0,8.0,2,2300.0,54000.0,,,,,124.0,108.0,72.0,0.79,148.0,80.0,68.0,11,60.0,376,0.98,,,,JUL-23.xlsx,,3(BDL),124.0,6.4,5(BDL),,,27,,,,,,,,,,0.5(BDL),0.28,,,,,,,,,,,,,
,Jul,JAKKUR LAKE,"E (Irrigation, industrial cooling and controlled waste)",2.6,7.0,908.0,12.0,4.1,4000.0,92000.0,,,,,224.0,156.0,119.0,1.8,280.0,144.0,136.0,20,125.0,620,2.4,,,,JUL-23.xlsx,,3(BDL),224.0,25.3,5(BDL),,,32,,,,,,,,,,0.5(BDL),0.45,,,,,,,,,,,,,
,Jul,NAGAVARA LAKE,"D (Propagation of wild life,fisheries)",4.9,7.0,550.0,8.0,2,1300.0,24000.0,,,,,128.0,100.0,71.0,0.8,148.0,80.0,68.0,12,58.0,372,0.7,,,,JUL-23.xlsx,,3(BDL),128.0,5.8,5(BDL),,,26,,,,,,,,,,0.5(BDL),0.32,,,,,,,,,,,,,
,Jul,CHELEKERE LAKE,"D (Propagation of wild life,fisheries)",4.8,7.1,548.0,8.0,0.3(BDL),1700.0,35000.0,,,,,124.0,108.0,70.0,0.8,124.0,68.0,56.0,11,59.0,372,0.83,,,,JUL-23.xlsx,,3(BDL),124.0,5.9,5(BDL),,,26,,,,,,,,,,0.5(BDL),0.3,,,,,,,,,,,,,
,Jul,"Segehalli Lake Baavanapura Road Battarahalli , Bangalore East","E (Irrigation, industrial cooling and controlled waste)",2.9,7.5,766.0,35.0,3,11000.0,92000.0,,,,,220.0,96.0,168.0,2.2,204.0,108.0,96.0,21,11.0,518,1.2,,,,JUL-23.xlsx,,3(BDL),220.0,78.2,5(BDL),,,18,,,,,,,,,,0.5(BDL),0.28,,,,,,,,,,,,,
,Jul,"Kannamangala Lake Hoskote Main Road , Bengalore","E (Irrigation, industrial cooling and controlled waste)",3.2,7.9,1842.0,21.0,6,9400.0,160000.0,,,,,152.0,420.0,136.0,1.4,448.0,228.0,220.0,18,65.0,1232,0.83,,,,JUL-23.xlsx,,3(BDL),152.0,35.1,5(BDL),,,33,,,,,,,,,,0.5(BDL),0.2(BDL),,,,,,,,,,,,,
,Jul,VEERAPURA TANK,"D (Propagation of wild life,fisheries)",5.2,6.9,621.0,5.0,9,4700.0,160000.0,,,,,104.0,72.0,44.0,0.51,164.0,88.0,76.0,14,40.0,422,0.29,,,,JUL-23.xlsx,,3(BDL),104.0,16.1,5(BDL),,,9,,,,,,,,,,0.5(BDL),0.22,,,,,,,,,,,,,
,Jul,SINGAPURA LAKE,"D (Propagation of wild life,fisheries)",4.1,7.1,488.0,11.0,1.7,4700.0,54000.0,,,,,136.0,88.0,100.0,0.96,156.0,84.0,72.0,13,55.0,330,0.2(BDL),,,,JUL-23.xlsx,,3(BDL),136.0,16.4,5(BDL),,,17,,,,,,,,,,0.5(BDL),0.28,,,,,,,,,,,,,
,Jul,PUTTENAHALLI LAKE,"D (Propagation of wild life,fisheries)",4.2,7.4,784.0,10.0,2.3,21.0,540.0,,,,,164.0,128.0,100.0,0.92,156.0,84.0,72.0,45,90.0,534,0.2(BDL),,,,JUL-23.xlsx,,3(BDL),164.0,38.4,5(BDL),,,13,,,,,,,,,,0.5(BDL),0.29,,,,,,,,,,,,,
,Jul,KUNDALAHALLI LAKE,"E (Irrigation, industrial cooling and controlled waste)",2.9,7.0,1538.0,30.0,6,4800.0,92000.0,,,,,284.0,272.0,172.0,1.8,392.0,200.0,192.0,6,111.0,1076,0.33,,,,JUL-23.xlsx,,3(BDL),284.0,5.3,5(BDL),,,18,,,,,,,,,,0.5(BDL),0.2(BDL),,,,,,,,,,,,,
,Jul,ALLALASANDRA LAKE,"E (Irrigation, industrial cooling and controlled waste)",3.4,8.0,528.0,17.0,1.5,33.0,1600.0,,,,,100.0,84.0,165.0,1.86,92.0,52.0,40.0,11,76.0,360,0.2(BDL),,,,JUL-23.xlsx,,3(BDL),100.0,94.8,5(BDL),,,13,,,,,,,,,,0.5(BDL),0.24,,,,,,,,,,,,,
,Jul,ULSOOR LAKE TRAINING CENTRE OF FISH BREEDING,"D (Propagation of wild life,fisheries)",4.4,8.0,466.0,4.0,1,11000.0,92000.0,,,,,112.0,68.0,44.0,0.4,136.0,72.0,64.0,5(BDL),54.0,316,0.2(BDL),,,,JUL-23.xlsx,,3(BDL),112.0,33.8,5(BDL),,,15,,,,,,,,,,0.5(BDL),0.2(BDL),,,,,,,,,,,,,
,Jul,ULSOOR LAKE TEMPLE,"D (Propagation of wild life,fisheries)",4,8.0,478.0,4.0,1,4800.0,35000.0,,,,,140.0,60.0,44.0,0.42,152.0,80.0,72.0,5(BDL),59.0,324,0.2(BDL),,,,JUL-23.xlsx,,3(BDL),140.0,18.0,5(BDL),,,14,,,,,,,,,,0.5(BDL),0.2(BDL),,,,,,,,,,,,,
,Jul,"Munekolalu Lake ,Marathahalli, East Taluka ,Bengalur","E (Irrigation, industrial cooling and controlled waste)",3.1,7.0,598.0,23.0,2,7000.0,160000.0,,,,,176.0,112.0,156.0,2.9,156.0,76.0,80.0,5(BDL),79.0,412,2,,,,JUL-23.xlsx,,3(BDL),176.0,35.4,5(BDL),,,17,,,,,,,,,,0.5(BDL),0.2(BDL),,,,,,,,,,,,,
,Jul,CHINNAPPANAHALLI LAKE,"D (Propagation of wild life,fisheries)",4.4,7.0,700.0,5.0,3,3100.0,54000.0,,,,,144.0,128.0,44.0,0.9,148.0,72.0,76.0,5(BDL),100.0,490,0.3,,,,JUL-23.xlsx,,3(BDL),144.0,10.5,5(BDL),,,15,,,,,,,,,,0.5(BDL),0.3,,,,,,,,,,,,,
,Jul,BASAVANAPURA LAKE,"D (Propagation of wild life,fisheries)",5.4,7.3,1048.0,6.0,4,6300.0,54000.0,,,,,176.0,176.0,76.0,0.4,184.0,100.0,84.0,43,140.0,704,0.2(BDL),,,,JUL-23.xlsx,,3(BDL),176.0,20.1,5(BDL),,,30,,,,,,,,,,0.5(BDL),0.33,,,,,,,,,,,,,
,Jul,KOTHANURU LAKE,"E (Irrigation, industrial cooling and controlled waste)",3.2,7.4,1045.0,16.0,4,8400.0,92000.0,,,,,176.0,176.0,124.0,0.96,184.0,100.0,84.0,50,144.0,700,0.2(BDL),,,,JUL-23.xlsx,,3(BDL),176.0,10.8,5(BDL),,,30,,,,,,,,,,0.5(BDL),0.35,,,,,,,,,,,,,
,Jul,GOTTIGERE LAKE,"D (Propagation of wild life,fisheries)",6.1,7.2,586.0,4.0,2,79000.0,1600000.0,,,,,132.0,72.0,44.0,0.4,100.0,56.0,44.0,,76.0,400,0.2(BDL),,,,JUL-23.xlsx,,3(BDL),132.0,8.1,5(BDL),,,16,,,,,,,,,,0.5(BDL),0.2(BDL),,,,,,,,,,,,,
,Jul,KARIHOBANAHALLI LAKE,"E (Irrigation, industrial cooling and controlled waste)",1.1,6.9,1474.0,24.0,3.2,170000.0,2400000.0,,,,,432.0,356.0,156.0,8.2,436.0,224.0,212.0,38,101.0,1002,3.1,,,,JUL-23.xlsx,,3(BDL),432.0,10.4,5(BDL),,,21,,,,,,,,,,0.5(BDL),0.39,,,,,,,,,,,,,
,Jul,"Ulsoor Lake Near Kalyani,Bengaluru","D (Propagation of wild life,fisheries)",4.5,8.0,498.0,4.0,1,2700.0,24000.0,,,,,120.0,64.0,40.0,0.62,160.0,88.0,72.0,5(BDL),104.0,338,0.2(BDL),,,,JUL-23.xlsx,,3(BDL),120.0,25.0,5(BDL),,,14,,,,,,,,,,0.5(BDL),0.2(BDL),,,,,,,,,,,,,
,Jul,NELAMANGALA LAKE,"E (Irrigation, industrial cooling and controlled waste)",3.2,6.5,1789.0,14.0,6,49000.0,240000.0,,,,,424.0,296.0,100.0,1.0,544.0,272.0,272.0,18,163.0,1196,1.5,,,,JUL-23.xlsx,,3(BDL),424.0,21.4,5(BDL),,,21,,,,,,,,,,0.5(BDL),0.4,,,,,,,,,,,,,
,Jul,PUTTENAHALLI LAKE,"D (Propagation of wild life,fisheries)",4.5,7.3,1044.0,7.0,4,12000.0,92000.0,,,,,184.0,172.0,80.0,0.48,172.0,92.0,80.0,21,150.0,698,0.2(BDL),,,,JUL-23.xlsx,,3(BDL),184.0,12.1,5(BDL),,,30,,,,,,,,,,0.5(BDL),0.36,,,,,,,,,,,,,
,Jul,"Byrasandra Upper Lake,Bengaluru","D (Propagation of wild life,fisheries)",4.3,8.0,843.0,4.0,3,7900.0,160000.0,,,,,232.0,104.0,40.0,0.4,352.0,180.0,172.0,5(BDL),167.0,590,0.2(BDL),,,,JUL-23.xlsx,,3(BDL),232.0,2.0,5(BDL),,,16,,,,,,,,,,0.5(BDL),0.2(BDL),,,,,,,,,,,,,
,Jul,RAMPURA LAKE,"E (Irrigation, industrial cooling and controlled waste)",3,6.9,1418.0,12.0,6,4900.0,54000.0,,,,,344.0,216.0,112.0,1.2,516.0,264.0,252.0,14,69.0,964,2,,,,JUL-23.xlsx,,3(BDL),344.0,11.0,5(BDL),,,32,,,,,,,,,,0.5(BDL),0.3,,,,,,,,,,,,,
,Jul,KALENA AGRAHARA LAKE,"D (Propagation of wild life,fisheries)",5,7.0,550.0,5.0,2,2200.0,24000.0,,,,,44.0,92.0,48.0,0.5,184.0,96.0,88.0,5(BDL),73.0,378,0.2(BDL),,,,JUL-23.xlsx,,3(BDL),44.0,5.8,5(BDL),,,17,,,,,,,,,,0.5(BDL),0.2(BDL),,,,,,,,,,,,,
,Jul,ARAKERE LAKE,"D (Propagation of wild life,fisheries)",4.1,7.0,984.0,11.0,4,48000.0,350000.0,,,,,68.0,132.0,104.0,0.9,272.0,140.0,132.0,5(BDL),91.0,688,2,,,,JUL-23.xlsx,,3(BDL),68.0,18.8,5(BDL),,,23,,,,,,,,,,0.5(BDL),0.3,,,,,,,,,,,,,
,Jul,HOSAKEREHALLI LAKE,"D (Propagation of wild life,fisheries)",4.9,6.7,683.0,4.0,2.62,4900.0,92000.0,,,,,152.0,112.0,45.0,0.66,184.0,96.0,88.0,28,66.0,476,0.25,,,,JUL-23.xlsx,,3(BDL),152.0,6.6,,,,14,,,,,,,,,,0.5(BDL),0.2(BDL),,,,,,,,,,,,,
,Jul,SOMPURA LAKE,"D (Propagation of wild life,fisheries)",4.7,7.9,1222.0,4.7,4.69,460.0,16000.0,,,,,280.0,208.0,44.0,0.72,332.0,172.0,160.0,50,108.0,858,0.2(BDL),,,,JUL-23.xlsx,,3(BDL),280.0,5.6,5(BDL),,,24,,,,,,,,,,0.5(BDL),0.38,,,,,,,,,,,,,
,Jul,UTTARAHALLI DORAIKERE,"E (Irrigation, industrial cooling and controlled waste)",3.4,8.1,262.0,17.0,0.8,4900.0,54000.0,,,,,76.0,36.0,170.0,1.8,68.0,40.0,28.0,5(BDL),27.0,182,0.2(BDL),,,,JUL-23.xlsx,,3(BDL),76.0,26.2,5(BDL),,,3,,,,,,,,,,0.5(BDL),0.2(BDL),,,,,,,,,,,,,
,Jul,MALATHAHALLI LAKE,"D (Propagation of wild life,fisheries)",5,7.9,1166.0,6.0,3.4,430.0,16000.0,,,,,328.0,180.0,62.0,0.54,316.0,164.0,152.0,18,113.0,794,0.49,,,,JUL-23.xlsx,,,328.0,4.4,5(BDL),,,15,,,,,,,,,,0.5(BDL),0.43,,,,,,,,,,,,,
,Jul,ULLALU LAKE,"E (Irrigation, industrial cooling and controlled waste)",3.2,7.1,602.0,17.0,1.7,22000.0,240000.0,,,,,172.0,92.0,173.0,2.9,160.0,88.0,72.0,9,59.0,424,0.3,,,,JUL-23.xlsx,,3(BDL),172.0,28.1,5(BDL),,,8,,,,,,,,,,0.5(BDL),0.22,,,,,,,,,,,,,
,Jul,KODI SINGASANDRA LAKE,"D (Propagation of wild life,fisheries)",4.2,7.0,549.0,8.0,2,34000.0,240000.0,,,,,48.0,128.0,84.0,0.9,160.0,84.0,76.0,5(BDL),71.0,378,0.2(BDL),,,,JUL-23.xlsx,,3(BDL),48.0,12.9,5(BDL),,,15,,,,,,,,,,0.5(BDL),0.2(BDL),,,,,,,,,,,,,
,Jul,KAMMAGONDANAHALLI LAKE,"E (Irrigation, industrial cooling and controlled waste)",3.2,6.6,632.0,12.0,10,3300.0,54000.0,,,,,148.0,56.0,108.0,1.2,140.0,76.0,64.0,11,36.0,428,4,,,,JUL-23.xlsx,,3(BDL),148.0,18.2,5(BDL),,,14,,,,,,,,,,0.5(BDL),0.2(BDL),,,,,,,,,,,,,
,Jul,HOSKERE LAKE,"E (Irrigation, industrial cooling and controlled waste)",3.4,7.0,846.0,13.0,2.4,4600.0,92000.0,,,,,240.0,132.0,125.0,1.9,228.0,120.0,108.0,13,83.0,578,0.35,,,,JUL-23.xlsx,,3(BDL),240.0,10.8,5(BDL),,,11,,,,,,,,,,0.5(BDL),0.31,,,,,,,,,,,,,
,Jul,SINGASANDRA LAKE,"D (Propagation of wild life,fisheries)",4.4,7.0,981.0,7.0,4,46000.0,540000.0,,,,,88.0,124.0,76.0,0.9,244.0,128.0,116.0,5(BDL),92.0,686,0.2(BDL),,,,JUL-23.xlsx,,3(BDL),88.0,17.6,5(BDL),,,22,,,,,,,,,,0.5(BDL),0.3,,,,,,,,,,,,,
,Jul,IBBALUR LAKE,"E (Irrigation, industrial cooling and controlled waste)",0.3(BDL),7.0,1056.0,45.0,4,31000.0,350000.0,,,,,68.0,188.0,236.0,15.2,184.0,96.0,88.0,7,118.0,10(BDL),0.2(BDL),,,,JUL-23.xlsx,,3(BDL),68.0,10.2,5(BDL),,,27,,,,,,,,,,0.5(BDL),0.3,,,,,,,,,,,,,
,Jul,"Basavanapura Lake Ayyappa Nagr Main Road ,
K. R. Puram , Bengaluru","D (Propagation of wild life,fisheries)",5.5,7.3,373.0,6.0,1.5,7900.0,92000.0,,,,,116.0,48.0,50.0,0.98,100.0,56.0,44.0,10,54.0,250,1,,,,JUL-23.xlsx,,3(BDL),116.0,15.2,5(BDL),,,17,,,,,,,,,,0.5(BDL),0.36,,,,,,,,,,,,,
,Jul,BELLANDUR LAKE,"E (Irrigation, industrial cooling and controlled waste)",0.3(BDL),7.0,1382.0,202.0,5,2600000.0,35000000.0,,,,,132.0,176.0,788.0,28.0,328.0,168.0,160.0,6,106.0,966,0.2(BDL),,,,JUL-23.xlsx,,3(BDL),132.0,15.2,5(BDL),,,30,,,,,,,,,,0.5(BDL),0.3,,,,,,,,,,,,,
,Jul,Kannur Lake Near By Hennur Road Bengalore,"D (Propagation of wild life,fisheries)",4.8,7.3,740.0,7.0,3.2,4800.0,54000.0,,,,,200.0,116.0,64.0,0.95,296.0,152.0,144.0,8,96.0,508,1,,,,JUL-23.xlsx,,3(BDL),200.0,6.5,5(BDL),,,21,,,,,,,,,,0.5(BDL),0.4,,,,,,,,,,,,,
,Jul,YELEMALLAPPA SHETTY LAKE,"E (Irrigation, industrial cooling and controlled waste)",0.3(BDL),6.7,1220.0,34.0,5.5,47000.0,540000.0,,,,,464.0,168.0,224.0,4.0,300.0,156.0,144.0,20,164.0,832,3.8,,,,JUL-23.xlsx,,3(BDL),464.0,25.6,5(BDL),,,28,,,,,,,,,,0.5(BDL),0.48,,,,,,,,,,,,,
,Jul,VIBHUTHIPURA LAKE,"E (Irrigation, industrial cooling and controlled waste)",3.1,6.9,743.0,12.0,2.85,2600.0,54000.0,,,,,168.0,120.0,110.0,2.0,200.0,104.0,96.0,30,69.0,520,0.29,,,,JUL-23.xlsx,,3(BDL),168.0,19.0,5(BDL),,,15,,,,,,,,,,0.5(BDL),0.38,,,,,,,,,,,,,
,Jul,BHATTARAHALLI LAKE,"D (Propagation of wild life,fisheries)",4.2,8.2,580.0,9.0,2.6,8400.0,160000.0,,,,,108.0,144.0,84.0,0.96,96.0,52.0,44.0,15,88.0,396,0.9,,,,JUL-23.xlsx,,3(BDL),108.0,15.4,5(BDL),,,17,,,,,,,,,,0.5(BDL),0.24,,,,,,,,,,,,,
,Jul,DODDABIDARAKALLU LAKE,"E (Irrigation, industrial cooling and controlled waste)",0.3(BDL),6.7,1480.0,83.0,5.69,170000.0,2400000.0,,,,,340.0,252.0,320.0,14.2,404.0,208.0,196.0,60,125.0,1042,0.83,,,,JUL-23.xlsx,,3(BDL),340.0,16.8,5(BDL),,,30,,,,,,,,,,0.5(BDL),0.41,,,,,,,,,,,,,
,Jul,ANCHEPALYA LAKE,"D (Propagation of wild life,fisheries)",4.5,6.5,497.0,4.0,1.91,3300.0,54000.0,,,,,108.0,80.0,40.0,0.88,132.0,72.0,60.0,20,47.0,346,0.25,,,,JUL-23.xlsx,,3(BDL),108.0,28.4,5(BDL),,,10,,,,,,,,,,0.5(BDL),0.2(BDL),,,,,,,,,,,,,
,Jul,VARTHUR LAKE,"E (Irrigation, industrial cooling and controlled waste)",0.3(BDL),7.3,1380.0,73.0,5.3,1700000.0,24000000.0,,,,,316.0,232.0,328.0,17.8,352.0,180.0,172.0,56,120.0,972,0.87,,,,JUL-23.xlsx,,3(BDL),316.0,11.2,5(BDL),,,28,,,,,,,,,,0.5(BDL),0.42,,,,,,,,,,,,,
,Jul,KAIKONDANAHALLI LAKE,"D (Propagation of wild life,fisheries)",6.7,7.5,364.0,4.0,1.39,4800.0,54000.0,,,,,76.0,56.0,40.0,0.4,96.0,52.0,44.0,15,29.0,252,0.2(BDL),,,,JUL-23.xlsx,,3(BDL),76.0,4.3,5(BDL),,,7,,,,,,,,,,0.5(BDL),0.2(BDL),,,,,,,,,,,,,
,Jul,SHEELAVANTA-WHITEFIELD LAKE,"E (Irrigation, industrial cooling and controlled waste)",3,7.0,978.0,13.0,3.76,4000.0,92000.0,,,,,224.0,164.0,116.0,2.2,264.0,136.0,128.0,39,88.0,682,0.45,,,,JUL-23.xlsx,,3(BDL),224.0,22.3,5(BDL),,,20,,,,,,,,,,0.5(BDL),0.29,,,,,,,,,,,,,
,Jul,"Soulkere, Kaikondrahalli Vill,Bengaluru","D (Propagation of wild life,fisheries)",5.6,7.3,647.0,4.0,2.48,2200.0,35000.0,,,,,144.0,108.0,44.0,0.41,176.0,92.0,84.0,26,62.0,454,0.2(BDL),,,,JUL-23.xlsx,,3(BDL),144.0,28.2,5(BDL),,,13,,,,,,,,,,0.5(BDL),0.28,,,,,,,,,,,,,
,Jul,ALUR LAKE,"D (Propagation of wild life,fisheries)",6.1,6.8,213.0,4.0,1,3100.0,160000.0,,,,,36.0,28.0,40.0,0.4,48.0,28.0,20.0,8,16.0,148,0.2(BDL),,,,JUL-23.xlsx,,3(BDL),36.0,4.1,5(BDL),,,4,,,,,,,,,,0.5(BDL),0.2(BDL),,,,,,,,,,,,,
,Jul,DODDAKANNEHALLI LAKE,"D (Propagation of wild life,fisheries)",4.1,6.6,368.0,11.0,1.1,4600.0,92000.0,,,,,104.0,56.0,111.0,0.95,96.0,56.0,40.0,6,38.0,254,0.2(BDL),,,,JUL-23.xlsx,,3(BDL),104.0,14.4,5(BDL),,,5,,,,,,,,,,0.5(BDL),0.21,,,,,,,,,,,,,
,Jul,HESARAGHATTA LAKE,"D (Propagation of wild life,fisheries)",5.2,6.9,340.0,4.0,1.33,470.0,16000.0,,,,,76.0,56.0,43.0,0.44,92.0,52.0,40.0,14,38.0,238,0.2(BDL),,,,JUL-23.xlsx,,3(BDL),76.0,2.8,5(BDL),,,7,,,,,,,,,,0.5(BDL),0.2(BDL),,,,,,,,,,,,,
,Jul,DEVARABEESANAHALLI LAKE,"D (Propagation of wild life,fisheries)",4.3,7.4,645.0,11.0,1.9,470.0,16000.0,,,,,184.0,100.0,107.0,0.93,172.0,92.0,80.0,10,81.0,440,0.23,,,,JUL-23.xlsx,,3(BDL),184.0,10.0,5(BDL),,,15,,,,,,,,,,0.5(BDL),0.35,,,,,,,,,,,,,
,Jul,CHIKKABANAVARA LAKE,"E (Irrigation, industrial cooling and controlled waste)",2.7,7.0,1700.0,13.0,6.68,4100.0,92000.0,,,,,392.0,288.0,121.0,3.2,464.0,236.0,228.0,69,140.0,1192,1.24,,,,JUL-23.xlsx,,3(BDL),392.0,13.6,5(BDL),,,34,,,,,,,,,,0.5(BDL),0.33,,,,,,,,,,,,,
,Jul,KASAVANAHALLI LAKE,"D (Propagation of wild life,fisheries)",6.5,6.6,373.0,4.0,1.43,23000.0,240000.0,,,,,80.0,64.0,40.0,0.56,100.0,56.0,44.0,15,32.0,262,0.2(BDL),,,,JUL-23.xlsx,,3(BDL),80.0,10.4,5(BDL),,,7,,,,,,,,,,0.5(BDL),0.22,,,,,,,,,,,,,
,Jul,HARALUR LAKE,"D (Propagation of wild life,fisheries)",5.4,7.3,646.0,4.0,2.44,490.0,9200.0,,,,,140.0,104.0,45.0,0.58,176.0,96.0,80.0,27,61.0,452,0.2(BDL),,,,JUL-23.xlsx,,3(BDL),140.0,27.1,5(BDL),,,13,,,,,,,,,,0.5(BDL),0.31,,,,,,,,,,,,,
,Jul,"Kudlu Doddakere, Kudlu Vill,Bengaluru","D (Propagation of wild life,fisheries)",5.5,7.4,647.0,4.0,2.48,4300.0,160000.0,,,,,148.0,108.0,45.0,0.57,180.0,96.0,84.0,28,62.0,456,0.2(BDL),,,,JUL-23.xlsx,,3(BDL),148.0,26.9,5(BDL),,,13,,,,,,,,,,0.5(BDL),0.33,,,,,,,,,,,,,
,Jul,AGARAM LAKE,"D (Propagation of wild life,fisheries)",6.3,6.7,372.0,4.0,1.45,4900.0,92000.0,,,,,84.0,60.0,42.0,0.4,104.0,56.0,48.0,16,31.0,260,0.2(BDL),,,,JUL-23.xlsx,,3(BDL),84.0,9.6,5(BDL),,,7,,,,,,,,,,0.5(BDL),0.24,,,,,,,,,,,,,
,Jul,SOMASUNDRAPALYA LAKE,"D (Propagation of wild life,fisheries)",6.4,6.6,371.0,4.0,1.42,4800.0,54000.0,,,,,80.0,56.0,41.0,0.4,100.0,52.0,48.0,15,31.0,258,0.2(BDL),,,,JUL-23.xlsx,,3(BDL),80.0,9.8,5(BDL),,,7,,,,,,,,,,0.5(BDL),0.26,,,,,,,,,,,,,
,Jul,PARAPPANA AGRAHARA LAKE,"D (Propagation of wild life,fisheries)",5.3,7.4,646.0,4.0,2.53,430.0,16000.0,,,,,140.0,100.0,45.0,0.49,176.0,96.0,80.0,27,62.0,454,0.2(BDL),,,,JUL-23.xlsx,,3(BDL),140.0,176.0,5(BDL),,,13,,,,,,,,,,0.5(BDL),0.32,,,,,,,,,,,,,
,Jul,MANGAMANAPALYA LAKE(SWARANA KUNTE,"D (Propagation of wild life,fisheries)",6.2,6.6,371.0,4.0,1.44,4000.0,35000.0,,,,,84.0,64.0,43.0,0.4,104.0,56.0,48.0,15,64.0,256,0.2(BDL),,,,JUL-23.xlsx,,3(BDL),84.0,9.7,5(BDL),,,7,,,,,,,,,,0.5(BDL),0.26,,,,,,,,,,,,,
,Jul,"Anjanapura Lake ( Avala Halli Lake) Anjanapura,Beng","D (Propagation of wild life,fisheries)",6.1,6.7,370.0,4.0,1.42,630.0,9200.0,,,,,80.0,60.0,42.0,0.4,100.0,52.0,48.0,16,31.0,254,0.2(BDL),,,,JUL-23.xlsx,,,80.0,9.9,5(BDL),,,7,,,,,,,,,,0.5(BDL),0.25,,,,,,,,,,,,,
,Jul,SARAKKI LAKE,"D (Propagation of wild life,fisheries)",4.9,7.5,740.0,4.0,2.84,460.0,16000.0,,,,,164.0,124.0,44.0,0.59,200.0,104.0,96.0,30,69.0,516,0.2(BDL),,,,JUL-23.xlsx,,3(BDL),164.0,2.4,5(BDL),,,15,,,,,,,,,,0.5(BDL),0.25,,,,,,,,,,,,,
,Jul,YELACHENAHALLI LAKE,"D (Propagation of wild life,fisheries)",4.7,8.5,284.0,4.0,1.1,4300.0,54000.0,,,,,72.0,44.0,46.0,0.72,64.0,36.0,28.0,12,25.0,198,0.2(BDL),,,,JUL-23.xlsx,,,72.0,7.6,5(BDL),,,6,,,,,,,,,,0.5(BDL),0.2(BDL),,,,,,,,,,,,,
,Jul,CHINNAKURCHI KERE,"D (Propagation of wild life,fisheries)",5.8,8.2,1401.0,7.0,4.3,4300.0,54000.0,,,,,476.0,308.0,65.0,0.68,264.0,136.0,128.0,31,129.0,950,0.25,,,,JUL-23.xlsx,,3(BDL),476.0,3.2,5(BDL),,,39,,,,,,,,,,0.5(BDL),0.43,,,,,,,,,,,,,
,Jul,VENGAIYYANAKERE( KR PURAM LAKE ),"E (Irrigation, industrial cooling and controlled waste)",2.9,7.2,1404.0,58.0,5,46000.0,350000.0,,,,,312.0,152.0,220.0,1.3,252.0,132.0,120.0,31,42.0,938,1,,,,JUL-23.xlsx,,3(BDL),312.0,34.2,5(BDL),,,30,,,,,,,,,,0.5(BDL),0.29,,,,,,,,,,,,,
,Jul,DHOREKERE TANK,"E (Irrigation, industrial cooling and controlled waste)",3,7.4,446.0,20.0,1.3,1700.0,24000.0,,,,,124.0,68.0,199.0,3.6,116.0,64.0,52.0,7,45.0,306,0.2(BDL),,,,JUL-23.xlsx,,3(BDL),124.0,38.5,5(BDL),,,6,,,,,,,,,,0.5(BDL),0.2(BDL),,,,,,,,,,,,,
,Jul,SHIVAPURA TANK,"E (Irrigation, industrial cooling and controlled waste)",0.3(BDL),6.7,1954.0,78.0,31,1300000.0,3500000.0,,,,,416.0,508.0,254.0,5.2,496.0,252.0,244.0,74,201.0,1330,8,,,,JUL-23.xlsx,,3(BDL),416.0,28.9,5(BDL),,,24,,,,,,,,,,0.5(BDL),0.5,,,,,,,,,,,,,
,Jul,MADHURE TANK,"D (Propagation of wild life,fisheries)",4.1,7.3,1127.0,10.0,20,2600.0,35000.0,,,,,196.0,216.0,88.0,0.82,252.0,132.0,120.0,17,98.0,764,0.24,,,,JUL-23.xlsx,,3(BDL),196.0,9.2,5(BDL),,,27,,,,,,,,,,0.5(BDL),0.35,,,,,,,,,,,,,
,Jul,TUBARAHALLI TANK,"D (Propagation of wild life,fisheries)",4.3,7.0,639.0,4.3,2,4000.0,35000.0,,,,,100.0,128.0,80.0,0.4,152.0,80.0,72.0,6,84.0,440,0.2(BDL),,,,JUL-23.xlsx,,3(BDL),100.0,3.4,5(BDL),,,11,,,,,,,,,,0.5(BDL),0.2(BDL),,,,,,,,,,,,,
,Jul,YELAHANKA TANK,"D (Propagation of wild life,fisheries)",4.1,7.0,626.0,11.0,1.8,310.0,9200.0,,,,,116.0,96.0,105.0,0.94,108.0,60.0,48.0,7,79.0,428,0.2(BDL),,,,JUL-23.xlsx,,3(BDL),116.0,25.4,5(BDL),,,14,,,,,,,,,,0.5(BDL),0.27,,,,,,,,,,,,,
,Jul,BYRASANDRA TANK,"D (Propagation of wild life,fisheries)",4,7.4,744.0,4.0,2,4700.0,54000.0,,,,,156.0,108.0,44.0,0.4,256.0,132.0,124.0,5(BDL),145.0,520,0.2(BDL),,,,JUL-23.xlsx,,3(BDL),156.0,10.0,5(BDL),,,16,,,,,,,,,,0.5(BDL),0.3,,,,,,,,,,,,,
,Jul,KALKERE TANK,"D (Propagation of wild life,fisheries)",4.2,7.0,1272.0,11.0,5,8400.0,92000.0,,,,,352.0,316.0,104.0,0.4,308.0,160.0,148.0,12,126.0,864,2,,,,JUL-23.xlsx,,3(BDL),352.0,29.0,5(BDL),,,32,,,,,,,,,,0.5(BDL),0.3,,,,,,,,,,,,,
,Jul,MADIWALA TANK,"D (Propagation of wild life,fisheries)",5.8,7.3,972.0,5.0,3,4000.0,35000.0,,,,,236.0,120.0,60.0,0.54,224.0,120.0,104.0,14,95.0,652,1,,,,JUL-23.xlsx,,3(BDL),236.0,20.5,5(BDL),,,30,,,,,,,,,,0.5(BDL),0.27,,,,,,,,,,,,,
,Jul,CHANDAPURA LAKE,"E (Irrigation, industrial cooling and controlled waste)",0.3(BDL),7.0,2390.0,25.0,7.3,220000.0,2400000.0,,,,,620.0,408.0,313.0,4.6,648.0,328.0,320.0,30,199.0,1630,1.24,,,,JUL-23.xlsx,,3(BDL),620.0,8.2,5(BDL),,,21,,,,,,,,,,0.5(BDL),0.84,,,,,,,,,,,,,
,Jul,RAYASANDRA LAKE,"E (Irrigation, industrial cooling and controlled waste)",3.3,7.1,1880.0,18.0,4,46000.0,350000.0,,,,,500.0,352.0,207.0,4.0,532.0,272.0,260.0,24,174.0,1280,3,,,,JUL-23.xlsx,,3(BDL),500.0,9.1,5(BDL),,,19,,,,,,,,,,0.5(BDL),0.21,,,,,,,,,,,,,
,Jul,BEGUR TANK,"D (Propagation of wild life,fisheries)",4.3,7.0,552.0,9.0,2,4900.0,92000.0,,,,,84.0,84.0,88.0,0.75,152.0,80.0,17.0,5(BDL),73.0,380,0.2(BDL),,,,JUL-23.xlsx,,3(BDL),84.0,6.1,5(BDL),,,16,,,,,,,,,,0.5(BDL),0.2(BDL),,,,,,,,,,,,,
,Jul,NAYANDANAHALLI TANK,"D (Propagation of wild life,fisheries)",4.2,8.1,963.0,10.0,2.8,1700.0,92000.0,,,,,272.0,148.0,101.0,0.9,260.0,136.0,124.0,15,94.0,656,0.4,,,,JUL-23.xlsx,,3(BDL),272.0,14.3,5(BDL),,,12,,,,,,,,,,0.5(BDL),0.36,,,,,,,,,,,,,
,Jul,JIGANI TANK,"D (Propagation of wild life,fisheries)",5.2,7.5,817.0,4.0,3.13,320.0,16000.0,,,,,184.0,136.0,40.0,0.4,216.0,112.0,104.0,33,76.0,568,0.2(BDL),,,,JUL-23.xlsx,,3(BDL),184.0,4.8,5(BDL),,,16,,,,,,,,,,0.5(BDL),0.26,,,,,,,,,,,,,
,Jul,DASARAHALLI TANK,"D (Propagation of wild life,fisheries)",4.8,6.6,412.0,4.0,1.59,2200.0,24000.0,,,,,88.0,68.0,40.0,0.75,108.0,60.0,48.0,17,40.0,288,0.22,,,,JUL-23.xlsx,,3(BDL),88.0,26.1,5(BDL),,,8,,,,,,,,,,0.5(BDL),0.2(BDL),,,,,,,,,,,,,
,Jul,RAMAMMANA KERE,"D (Propagation of wild life,fisheries)",4.4,6.9,1696.0,5.0,6.53,4100.0,35000.0,,,,,388.0,284.0,45.0,0.91,460.0,236.0,224.0,69,140.0,1188,0.92,,,,JUL-23.xlsx,,3(BDL),388.0,19.2,5(BDL),,,34,,,,,,,,,,0.5(BDL),0.39,,,,,,,,,,,,,
,Jul,YEDIYUR TANK,"D (Propagation of wild life,fisheries)",4.5,7.6,245.0,4.0,1,3400.0,35000.0,,,,,48.0,40.0,42.0,0.76,60.0,36.0,24.0,10,21.0,170,0.2(BDL),,,,JUL-23.xlsx,,3(BDL),48.0,11.2,5(BDL),,,5,,,,,,,,,,0.5(BDL),0.2(BDL),,,,,,,,,,,,,
,Jul,KEMPAMBUDHI TANK,"E (Irrigation, industrial cooling and controlled waste)",3,6.9,435.0,14.0,1.68,1700.0,24000.0,,,,,92.0,72.0,121.0,2.9,116.0,64.0,52.0,18,40.0,302,0.29,,,,JUL-23.xlsx,,3(BDL),92.0,8.1,5(BDL),,,9,,,,,,,,,,0.5(BDL),0.28,,,,,,,,,,,,,
,Jul,LALBAGH TANK,"E (Irrigation, industrial cooling and controlled waste)",3.1,7.2,470.0,13.0,1.81,330.0,9200.0,,,,,104.0,76.0,120.0,2.7,124.0,68.0,56.0,19,45.0,328,0.2(BDL),,,,JUL-23.xlsx,,3(BDL),104.0,6.2,5(BDL),,,9,,,,,,,,,,0.5(BDL),0.33,,,,,,,,,,,,,
,Jul,Narasipura  Lake,"D (Propagation of wild life,fisheries)",4.3,6.9,527.0,9.0,1.12,490.0,16000.0,,,,,156.0,68.0,117.0,0.226,132.0,72.0,60.0,16,58.0,360,0.2(BDL),,,,JUL-23.xlsx,,3(BDL),156.0,8.6,5(BDL),,,10,,,,,,,,,,0.5(BDL),0.2(BDL),,,,,,,,,,,,,
,Jul,Rachenahalli  Lake,"D (Propagation of wild life,fisheries)",5,6.8,1111.0,7.0,2,4600.0,54000.0,,,,,276.0,168.0,83.0,0.438,280.0,144.0,136.0,26,103.0,760,1.5,,,,JUL-23.xlsx,,3(BDL),276.0,16.5,5(BDL),,,29,,,,,,,,,,0.5(BDL),0.212,,,,,,,,,,,,,
,Jul,Kogilu  Lake,"D (Propagation of wild life,fisheries)",4.2,6.9,526.0,9.0,1.1,430.0,9200.0,,,,,156.0,70.0,113.0,0.4,160.0,84.0,76.0,12,57.0,360,1.22,,,,JUL-23.xlsx,,3(BDL),156.0,13.7,5(BDL),,,13,,,,,,,,,,0.5(BDL),0.2(BDL),,,,,,,,,,,,,
,Jul,Gubbalala  Lake,"D (Propagation of wild life,fisheries)",4.8,6.9,380.0,6.0,0.7,3300.0,54000.0,,,,,140.0,36.0,71.0,0.4,144.0,76.0,68.0,11,28.0,260,0.2(BDL),,,,JUL-23.xlsx,,3(BDL),140.0,10.3,5(BDL),,,3,,,,,,,,,,0.5(BDL),0.2(BDL),,,,,,,,,,,,,
,Jul,Subramanyapura   Lake,"D (Propagation of wild life,fisheries)",4.3,7.1,732.0,5.0,1.4,5800.0,92000.0,,,,,196.0,100.0,66.0,0.4,220.0,116.0,104.0,26,79.0,502,0.2(BDL),,,,JUL-23.xlsx,,3(BDL),196.0,12.1,5(BDL),,,13,,,,,,,,,,0.5(BDL),0.2(BDL),,,,,,,,,,,,,
,Jul,Devarakere   Lake,"D (Propagation of wild life,fisheries)",4.4,6.7,320.0,5.0,0.63,4000.0,35000.0,,,,,120.0,32.0,46.0,0.2,128.0,68.0,60.0,4,27.0,220,0.27,,,,JUL-23.xlsx,,3(BDL),120.0,2.1,5(BDL),,,3,,,,,,,,,,0.5(BDL),0.2(BDL),,,,,,,,,,,,,
1388.0,,ULSOOR LAKE TRAINING CENTRE OF FISH BREEDING,"D (Propagation of wild life,fisheries)",5.7,8.2,340.0,5.0,1.0,4600.0,54000.0,,,,,60.0,52.0,64.0,0.4,80.0,48.0,32.0,21,46.0,232,0.21,0.5(BDL),,0.2(BDL),OCT-2023.xlsx,,,60.0,7.8,,,,15,50.0,2.0,0.57,,30.0,,,,,,,1.0,3(BDL),5(BDL),0.00042(BDL),0.021,0.00031(BDL),0.00056(BDL),0.014,0.073,0.069,0.00043(BDL),,
3593.0,,ULSOOR LAKE TEMPLE,"D (Propagation of wild life,fisheries)",5.1,8.0,344.0,7.0,1.0,7000.0,92000.0,,,,,64.0,52.0,98.0,0.4,60.0,36.0,24.0,20,42.0,234,0.28,0.5(BDL),,0.2(BDL),OCT-2023.xlsx,,,64.0,6.2,,,,14,54.0,3.0,0.8,,30.0,,,,,,,2.0,3(BDL),5(BDL),0.00042(BDL),0.064,0.00031(BDL),0.00056(BDL),0.00054(BDL),0.203,0.073,0.00043(BDL),,
5568.0,,"Ulsoor Lake Near Kalyani,Bengaluru","D (Propagation of wild life,fisheries)",5,8.2,342.0,7.0,1.0,4000.0,54000.0,,,,,72.0,52.0,96.0,0.43,64.0,40.0,24.0,21,44.0,234,0.27,0.5(BDL),,0.2(BDL),OCT-2023.xlsx,,,72.0,5.6,,,,15,53.0,2.0,0.75,,30.0,,,,,,,3.0,3(BDL),5(BDL),0.00042(BDL),0.015,0.00031(BDL),0.00056(BDL),0.00054(BDL),0.05,0.055,0.00043(BDL),,
5569.0,,"Byrasandra Upper Lake,Bengaluru","E (Irrigation, industrial cooling and controlled waste)",3.2,6.8,1190.0,15.0,4.0,4800.0,160000.0,,,,,200.0,60.0,112.0,2.8,288.0,152.0,136.0,245,52.0,794,0.29,0.5(BDL),,0.22,OCT-2023.xlsx,,,200.0,29.2,,,,31,26.0,1.5,,,30.0,,,,,,,4.0,3(BDL),5(BDL),0.00042(BDL),0.006,0.00031(BDL),0.00056(BDL),0.004,0.022,0.034,0.009,,
3595.0,,BYRASANDRA TANK,"D (Propagation of wild life,fisheries)",5.1,6.9,500.0,7.0,2.0,4300.0,92000.0,,,,,116.0,36.0,88.0,0.4,132.0,72.0,60.0,25,39.0,338,0.52,0.5(BDL),,0.2(BDL),OCT-2023.xlsx,,,116.0,12.2,,,,13,36.0,1.4,1.42,,30.0,,,,,,,5.0,3(BDL),5(BDL),0.00042(BDL),0.004,0.00031(BDL),0.00056(BDL),0.00054(BDL),0.012,0.065,0.007,,
4505.0,,NELAMANGALA LAKE,"E (Irrigation, industrial cooling and controlled waste)",3.2,7.1,1156.0,12.0,5.0,4300.0,92000.0,,,,,264.0,204.0,108.0,0.4,292.0,152.0,140.0,39,89.0,786,0.56,0.5(BDL),,0.42,OCT-2023.xlsx,,,264.0,3.6,,,,42,36.0,2.0,1.2,,31.0,,,,,,,6.0,3(BDL),5(BDL),0.00042(BDL),0.012,0.00031(BDL),0.006,0.00054(BDL),0.00059(BDL),0.8,0.099,,
3624.0,,PUTTENAHALLI LAKE,"D (Propagation of wild life,fisheries)",5.2,7.5,497.0,6.0,2.0,700.0,16000.0,,,,,112.0,56.0,56.0,0.41,124.0,68.0,56.0,14,33.0,338,0.34,0.5(BDL),,0.2(BDL),OCT-2023.xlsx,,,112.0,12.8,,,,2,35.0,1.0,0.77,,28.0,,,,,,,7.0,3(BDL),5(BDL),0.00042(BDL),0.005,0.00031(BDL),0.00056(BDL),0.00054(BDL),0.014,0.058,0.00043(BDL),,
3625.0,,HEBBAL LAKE,"D (Propagation of wild life,fisheries)",6.1,7.6,412.0,4.0,1.0,4100.0,24000.0,,,,,88.0,56.0,40.0,0.4,144.0,80.0,64.0,16,38.0,282,0.31,0.5(BDL),,0.2(BDL),OCT-2023.xlsx,,,88.0,4.4,,,,10,34.0,16.0,0.97,,26.0,,,,,,,8.0,3(BDL),5(BDL),0.00042(BDL),0.00035(BDL),0.00031(BDL),0.00056(BDL),0.00054(BDL),0.00059(BDL),0.00067(BDL),0.00043(BDL),,
3629.0,,ALLALASANDRA LAKE,"E (Irrigation, industrial cooling and controlled waste)",3.2,6.6,592.0,20.0,2.0,4700.0,54000.0,,,,,88.0,108.0,152.0,2.2,136.0,76.0,60.0,14,66.0,400,0.8,0.5(BDL),,0.2(BDL),OCT-2023.xlsx,,,88.0,7.2,,,,27,0.53,1.3,2.47,,28.0,,,,,,,9.0,3(BDL),5(BDL),0.00042(BDL),0.00035(BDL),0.00031(BDL),0.00056(BDL),0.00054(BDL),0.009,0.125,0.005,,
3630.0,,YELAHANKA TANK,"D (Propagation of wild life,fisheries)",6.1,7.5,407.0,4.0,1.0,430.0,5400.0,,,,,88.0,52.0,40.0,0.4,136.0,72.0,64.0,15,36.0,274,0.31,0.5(BDL),,0.2(BDL),OCT-2023.xlsx,,,88.0,3.8,,,,11,34.0,,0.95,,29.0,,,,,,,10.0,3(BDL),5(BDL),0.00042(BDL),0.00035(BDL),0.00031(BDL),0.00056(BDL),0.00054(BDL),0.00059(BDL),0.026,0.00043(BDL),,
3627.0,,JAKKUR LAKE,"D (Propagation of wild life,fisheries)",5.3,6.7,588.0,6.0,2.0,4800.0,92000.0,,,,,88.0,104.0,72.0,0.4,132.0,72.0,60.0,15,67.0,394,0.87,0.5(BDL),,0.28,OCT-2023.xlsx,,,88.0,4.1,,,,27,46.0,3.0,3,,29.0,,,,,,,11.0,3(BDL),5(BDL),0.00042(BDL),0.00035(BDL),0.00031(BDL),0.00056(BDL),0.00054(BDL),0.00059(BDL),0.023,0.00043(BDL),,
3626.0,,NAGAVARA LAKE,"D (Propagation of wild life,fisheries)",6.1,6.9,666.0,4.0,2.0,460.0,16000.0,,,,,148.0,100.0,40.0,0.4,172.0,92.0,80.0,9,64.0,444,0.28,0.5(BDL),,0.2(BDL),OCT-2023.xlsx,,,148.0,2.6,,,,25,40.0,0.28,0.83,,28.0,,,,,,,12.0,3(BDL),5(BDL),0.00042(BDL),0.00035(BDL),0.00031(BDL),0.00056(BDL),0.00054(BDL),0.00059(BDL),0.00067(BDL),0.00043(BDL),,
4507.0,,CHELEKERE LAKE,"D (Propagation of wild life,fisheries)",6,7.5,412.0,4.0,1.0,4900.0,54000.0,,,,,88.0,56.0,40.0,0.4,120.0,68.0,52.0,16,35.0,282,0.29,0.5(BDL),,0.2(BDL),OCT-2023.xlsx,,,88.0,4.8,,,,10,36.0,1.5,0.74,,28.0,,,,,,,13.0,3(BDL),5(BDL),0.00042(BDL),0.00035(BDL),0.00031(BDL),0.00056(BDL),0.00054(BDL),0.00059(BDL),0.00067(BDL),0.00043(BDL),,
4510.0,,RACHENAHALLI LAKE,"D (Propagation of wild life,fisheries)",4.2,7.6,509.0,5.0,2.0,700.0,9200.0,,,,,100.0,52.0,40.0,0.56,120.0,64.0,56.0,46,39.0,346,0.25,0.5(BDL),,0.2(BDL),OCT-2023.xlsx,,,100.0,9.2,,,,18,37.0,2.0,0.62,,29.0,,,,,,,14.0,3(BDL),5(BDL),0.00042(BDL),0.00035(BDL),0.00031(BDL),0.00056(BDL),0.02,0.006,0.00067(BDL),0.00043(BDL),,
4511.0,,KOGILU KERE,"D (Propagation of wild life,fisheries)",4.2,7.5,489.0,4.0,2.0,6300.0,54000.0,,,,,96.0,72.0,40.0,0.58,104.0,56.0,48.0,10,39.0,332,0.2(BDL),0.5(BDL),,0.2(BDL),OCT-2023.xlsx,,,96.0,12.6,,,,18,40.0,2.0,0.35,,29.0,,,,,,,15.0,3(BDL),5(BDL),0.00042(BDL),0.00035(BDL),0.00031(BDL),0.00056(BDL),0.00054(BDL),0.012,0.046,0.00043(BDL),,
4508.0,,SINGAPURA LAKE,"D (Propagation of wild life,fisheries)",5.8,7.6,408.0,5.0,1.0,3400.0,35000.0,,,,,80.0,56.0,60.0,0.4,140.0,76.0,64.0,19,37.0,278,0.31,0.5(BDL),,0.2(BDL),OCT-2023.xlsx,,,80.0,4.3,,,,11,34.0,2.0,0.96,,29.0,,,,,,,16.0,3(BDL),5(BDL),0.00042(BDL),0.00035(BDL),0.00031(BDL),0.00056(BDL),0.00054(BDL),0.00059(BDL),0.00067(BDL),0.00043(BDL),,
4509.0,,NARASIPURA LAKE,"D (Propagation of wild life,fisheries)",6.1,7.4,498.0,4.0,1.0,2200.0,24000.0,,,,,92.0,48.0,40.0,0.4,148.0,80.0,68.0,15,77.0,340,0.31,0.5(BDL),,0.2(BDL),OCT-2023.xlsx,,,92.0,2.7,,,,20,49.0,3.0,0.89,,28.0,,,,,,,17.0,3(BDL),5(BDL),0.00042(BDL),0.006,0.00031(BDL),0.00056(BDL),0.004,0.01,0.00067(BDL),0.00043(BDL),,
2778.0,,RIVER ARKAVATHI AT TIPPAGONDANAHALLI RESERVOIR,"D (Propagation of wild life,fisheries)",4.4,7.1,1116.0,7.8,4.5,15000.0,160000.0,,,,,328.0,176.0,71.0,0.72,300.0,152.0,148.0,19,138.0,762,1.2,0.5(BDL),,0.56,OCT-2023.xlsx,350.0,,328.0,6.9,,,,21,53.0,3.4,2.7,,29.0,,,,,,,18.0,3(BDL),5(BDL),0.00042(BDL),0.008,0.00031(BDL),0.012,0.00054(BDL),0.00059(BDL),0.173,0.044,,
3623.0,,ANEKAL DODDAKERE TANK,"D (Propagation of wild life,fisheries)",5.8,7.9,1107.0,6.0,4.0,630.0,9200.0,,,,,268.0,164.0,52.0,0.4,232.0,120.0,112.0,33,98.0,752,0.2(BDL),0.5(BDL),,0.2(BDL),OCT-2023.xlsx,,,268.0,2.3,,,,14,26.0,3.0,0.38,,28.0,,,,,,,19.0,3(BDL),5(BDL),0.00042(BDL),0.007,0.00031(BDL),0.00056(BDL),0.00054(BDL),0.00059(BDL),0.218,0.041,,
3642.0,,JIGANI TANK,"D (Propagation of wild life,fisheries)",6.1,7.2,981.0,6.0,4.0,460.0,9200.0,,,,,208.0,176.0,56.0,0.4,224.0,116.0,108.0,10,90.0,668,0.23,0.5(BDL),,0.21,OCT-2023.xlsx,,,208.0,5.4,,,,8,25.0,3.0,0.56,,27.0,,,,,,,20.0,3(BDL),5(BDL),0.00042(BDL),0.009,0.00031(BDL),0.00056(BDL),0.00054(BDL),0.00059(BDL),0.108,0.034,,
4537.0,,CHINNAKURCHI KERE,"D (Propagation of wild life,fisheries)",4.5,8.1,1210.0,7.0,5.0,1700.0,24000.0,,,,,428.0,116.0,76.0,0.4,232.0,120.0,112.0,46,112.0,822,0.46,0.5(BDL),,0.71,OCT-2023.xlsx,,,428.0,6.7,,,,11,50.0,3.0,0.53,,30.0,,,,,,,21.0,3(BDL),5(BDL),0.00042(BDL),0.00035(BDL),0.00031(BDL),0.00056(BDL),0.00054(BDL),0.00059(BDL),0.566,0.024,,
4534.0,,SOMPURA LAKE,"E (Irrigation, industrial cooling and controlled waste)",3.5,7.0,462.0,17.0,2.0,4800.0,35000.0,,,,,136.0,28.0,120.0,4.7,100.0,56.0,44.0,16,44.0,318,0.48,0.5(BDL),,0.2(BDL),OCT-2023.xlsx,,,136.0,7.3,,,,13,45.0,2.0,0.58,,24.7,,,,,,,22.0,3(BDL),5(BDL),0.00042(BDL),0.00035(BDL),0.00031(BDL),0.00056(BDL),0.004,0.00059(BDL),1.775,0.103,,
3643.0,,BENNIGANAHALLI LAKE,"D (Propagation of wild life,fisheries)",4.8,6.7,586.0,7.0,2.0,480.0,16000.0,,,,,84.0,76.0,64.0,0.4,136.0,72.0,64.0,24,41.0,398,0.4,0.5(BDL),,0.2(BDL),OCT-2023.xlsx,,,84.0,8.2,,,,2,39.0,2.0,0.93,,27.0,,,,,,,23.0,3(BDL),5(BDL),0.00042(BDL),0.621,0.084,0.00056(BDL),0.006,2.377,0.518,0.03,,
3603.0,,VENGAIYYANAKERE( KR PURAM LAKE ),"E (Irrigation, industrial cooling and controlled waste)",1.8,6.9,930.0,20.0,4.0,17000.0,240000.0,,,,,188.0,112.0,156.0,0.4,204.0,108.0,96.0,34,83.0,632,0.59,0.5(BDL),,0.29,OCT-2023.xlsx,,,188.0,15.6,,,,8,45.0,,1.51,,19.0,,,,,,,24.0,3(BDL),5(BDL),0.00042(BDL),0.043,0.013,0.00056(BDL),0.00054(BDL),0.14,0.201,0.072,,
4526.0,,DEVASANDRA LAKE,"D (Propagation of wild life,fisheries)",4.2,6.5,378.0,8.0,2.0,480.0,5400.0,,,,,64.0,56.0,72.0,0.4,144.0,76.0,68.0,15,33.0,256,0.49,0.5(BDL),,0.2(BDL),OCT-2023.xlsx,,,64.0,12.8,,,,3,32.0,1.0,1.21,,20.0,,,,,,,25.0,3(BDL),5(BDL),0.00042(BDL),0.009,0.028,0.005,0.027,0.005,0.675,0.053,,
5563.0,,"Segehalli Lake Baavanapura Road Battarahalli , Bangalore East","D (Propagation of wild life,fisheries)",4.6,6.5,526.0,7.0,2.0,940.0,9200.0,,,,,92.0,52.0,60.0,0.4,136.0,72.0,64.0,19,40.0,356,0.5,0.5(BDL),,0.2(BDL),OCT-2023.xlsx,,,92.0,10.1,,,,5,3.0,1.0,1.24,,20.0,,,,,,,26.0,3(BDL),5(BDL),0.00042(BDL),0.00035(BDL),0.039,0.00056(BDL),0.00054(BDL),0.00059(BDL),1.076,0.057,,
3636.0,,HOSKERE LAKE,"E (Irrigation, industrial cooling and controlled waste)",2.2,7.1,702.0,18.0,4.2,7000.0,35000.0,,,,,160.0,116.0,160.0,4.2,188.0,100.0,88.0,29,68.0,490,0.21,0.5(BDL),,0.2(BDL),OCT-2023.xlsx,,,160.0,6.2,,,,14,42.0,2.2,0.49,,28.0,,,,,,,27.0,3(BDL),5(BDL),,0.00035(BDL),0.00031(BDL),0.058,0.021,0.00059(BDL),0.899,0.123,,
5564.0,,"Kannamangala Lake Hoskote Main Road , Bengalore","D (Propagation of wild life,fisheries)",6.1,7.9,1237.0,4.0,4.0,480.0,5400.0,,,,,196.0,260.0,52.0,0.4,268.0,140.0,128.0,23,96.0,834,0.87,0.5(BDL),,0.46,OCT-2023.xlsx,,,196.0,7.8,,,,23,41.0,3.0,2,,25.3,,,,,,,28.0,3(BDL),5(BDL),0.00042(BDL),0.00035(BDL),0.021,0.00056(BDL),0.00054(BDL),0.00059(BDL),0.013,0.036,,
5566.0,,"Basavanapura Lake Ayyappa Nagr Main Road , K. R. Puram , Bengaluru","D (Propagation of wild life,fisheries)",5.4,7.0,406.0,6.0,1.0,230.0,16000.0,,,,,104.0,52.0,56.0,0.4,88.0,52.0,36.0,18,48.0,274,0.57,0.5(BDL),,0.3,OCT-2023.xlsx,,,104.0,6.2,,,,10,51.0,2.0,2,,21.0,,,,,,,29.0,3(BDL),5(BDL),0.00042(BDL),0.00035(BDL),0.023,0.00056(BDL),0.00054(BDL),0.00059(BDL),1.051,0.052,,
3605.0,,YELEMALLAPPA SHETTY LAKE,"E (Irrigation, industrial cooling and controlled waste)",3.9,7.2,1014.0,12.0,4.0,310.0,16000.0,,,,,,160.0,104.0,2.6,212.0,112.0,100.0,29,87.0,682,0.89,0.5(BDL),,0.28,OCT-2023.xlsx,,,160.0,11.6,,,,23,44.0,3.0,2,,21.0,,,,,,,30.0,3(BDL),5(BDL),0.00042(BDL),0.00035(BDL),0.015,0.00056(BDL),0.004,0.00059(BDL),1.051,0.052,,
4515.0,,BHATTARAHALLI LAKE,"D (Propagation of wild life,fisheries)",6.1,8.0,758.0,4.0,3.0,460.0,5400.0,,,,,120.0,148.0,44.0,0.4,144.0,80.0,64.0,20,92.0,516,0.2(BDL),0.5(BDL),,0.51,OCT-2023.xlsx,,,120.0,6.9,,,,17,55.0,3.0,0.49,,22.0,,,,,,,31.0,3(BDL),5(BDL),0.00042(BDL),0.00035(BDL),0.00031(BDL),0.00056(BDL),0.00054(BDL),0.00059(BDL),0.146,0.023,,
3635.0,,MALATHAHALLI LAKE,"D (Propagation of wild life,fisheries)",5.5,7.9,1072.0,6.0,4.0,3100.0,54000.0,,,,,236.0,176.0,56.0,0.4,220.0,116.0,104.0,33,95.0,724,0.23,0.5(BDL),,0.4,OCT-2023.xlsx,,,236.0,16.4,,,,12,47.0,3.0,0.65,,24.0,,,,,,,32.0,3(BDL),5(BDL),0.00042(BDL),0.00035(BDL),0.00031(BDL),0.00056(BDL),0.00054(BDL),0.00059(BDL),0.329,0.139,,
4533.0,,ULLALU LAKE,"E (Irrigation, industrial cooling and controlled waste)",3.2,6.6,972.0,17.0,3.0,4100.0,35000.0,,,,,116.0,48.0,116.0,5.8,396.0,204.0,192.0,64,401.0,662,1,0.5(BDL),,0.22,OCT-2023.xlsx,,,116.0,26.0,,,,16,17.0,1.2,4,,26.0,,,,,,,33.0,3(BDL),5(BDL),0.00042(BDL),0.00035(BDL),0.00031(BDL),0.012,0.01,0.00059(BDL),3.776,0.362,,
3618.0,,SINGASANDRA LAKE,"D (Propagation of wild life,fisheries)",4.1,7.5,859.0,13.0,2.5,2700.0,24000.0,,,,,244.0,132.0,125.0,0.91,232.0,124.0,108.0,13,84.0,586,0.36,0.5(BDL),,0.44,OCT-2023.xlsx,,,244.0,32.0,,,,11,,,,,26.0,,,,,,,34.0,3(BDL),5(BDL),,,,,,,,,,
3590.0,,LALBAGH TANK,"D (Propagation of wild life,fisheries)",4.2,8.6,403.0,8.0,1.6,2200.0,24000.0,,,,,96.0,68.0,76.0,0.65,104.0,56.0,48.0,12,35.0,274,0.2(BDL),0.5(BDL),,0.26,OCT-2023.xlsx,,,96.0,8.4,,,,4,40.0,1.3,0.05(BDL),,24.0,,,,,,,35.0,3(BDL),5(BDL),0.00042(BDL),0.021,0.00031(BDL),0.00056(BDL),0.00054(BDL),0.109,0.00067(BDL),0.029,,
3613.0,,GOTTIGERE LAKE,"E (Irrigation, industrial cooling and controlled waste)",2.8,6.5,480.0,14.0,2.0,1700.0,24000.0,,,,,136.0,,124.0,6.8,116.0,64.0,52.0,10,35.0,326,0.45,0.5(BDL),,0.31,OCT-2023.xlsx,,,136.0,14.6,,,,4,38.0,136.0,1.39,,28.0,,,,,,,36.0,3(BDL),5(BDL),0.00042(BDL),0.01,0.00031(BDL),0.00056(BDL),0.00054(BDL),0.079,1.273,0.076,,
3589.0,,MADIWALA TANK,"E (Irrigation, industrial cooling and controlled waste)",2.6,6.9,566.0,14.0,2.0,4700.0,92000.0,,,,,112.0,,128.0,5.2,100.0,52.0,48.0,18,48.0,384,0.5,0.5(BDL),,0.35,OCT-2023.xlsx,,,112.0,8.9,,,,4,14.0,2.08,1.54,,28.0,,,,,,,37.0,3(BDL),5(BDL),0.00042(BDL),0.00035(BDL),0.00031(BDL),0.00056(BDL),0.00054(BDL),0.00059(BDL),0.00067(BDL),0.00043(BDL),,
3616.0,,KALENA AGRAHARA LAKE,"D (Propagation of wild life,fisheries)",4.9,7.4,492.0,7.0,2.0,580.0,16000.0,,,,,116.0,68.0,60.0,0.4,104.0,56.0,12.0,,38.0,334,0.2(BDL),0.5(BDL),,0.29,OCT-2023.xlsx,,,116.0,9.2,,,,3,43.0,2.0,0.05(BDL),,27.0,,,,,,,38.0,3(BDL),5(BDL),0.00042(BDL),0.00035(BDL),0.00031(BDL),0.00056(BDL),0.00054(BDL),0.00059(BDL),0.167,0.043,,
3615.0,,ARAKERE LAKE,"D (Propagation of wild life,fisheries)",4.2,7.6,786.0,8.0,3.0,6300.0,54000.0,,,,,,,88.0,0.89,180.0,96.0,84.0,,69.0,534,0.56,0.5(BDL),,0.39,OCT-2023.xlsx,,,176.0,,,,,5,44.0,2.0,1.72,,28.0,,,,,,,39.0,3(BDL),5(BDL),0.00042(BDL),0.00035(BDL),0.00031(BDL),0.00056(BDL),0.00054(BDL),0.00059(BDL),0.123,0.048,,
3622.0,,SOMASUNDRAPALYA LAKE,"D (Propagation of wild life,fisheries)",5.2,7.7,794.0,6.0,3.0,4800.0,35000.0,,,,,,,56.0,0.72,96.0,52.0,44.0,5(BDL),69.0,540,0.2(BDL),0.5(BDL),,0.36,OCT-2023.xlsx,,,144.0,10.8,,,,6,58.0,3.0,0.05(BDL),,27.0,,,,,,,40.0,3(BDL),5(BDL),0.00042(BDL),0.00035(BDL),0.00031(BDL),0.00056(BDL),0.00054(BDL),0.00059(BDL),0.029,0.00043(BDL),,
3612.0,,AGARAM LAKE,"D (Propagation of wild life,fisheries)",4.1,7.2,620.0,9.0,3.0,2200.0,24000.0,,,,,100.0,112.0,80.0,0.85,124.0,68.0,56.0,14,53.0,422,0.48,0.5(BDL),,0.31,OCT-2023.xlsx,,,100.0,5.6,,,,6,46.0,2.0,1.48,,28.0,,,,,,,41.0,3(BDL),5(BDL),0.00042(BDL),0.00035(BDL),0.00031(BDL),0.025,0.00054(BDL),0.00059(BDL),0.21,0.063,,
3619.0,,BEGUR TANK,"D (Propagation of wild life,fisheries)",4.1,7.7,791.0,9.0,3.0,9400.0,92000.0,,,,,144.0,132.0,84.0,0.99,100.0,56.0,44.0,6,71.0,538,0.2(BDL),0.5(BDL),,0.35,OCT-2023.xlsx,,,144.0,6.9,,,,6,58.0,3.0,0.05(BDL),,28.0,,,,,,,42.0,3(BDL),5(BDL),0.00042(BDL),0.00035(BDL),0.00031(BDL),0.00056(BDL),0.00054(BDL),0.00059(BDL),0.009,0.027,,
4544.0,,KOTHANURU LAKE,"E (Irrigation, industrial cooling and controlled waste)",3.1,6.8,561.0,12.0,2.0,7900.0,54000.0,,,,,92.0,84.0,116.0,2.5,104.0,56.0,48.0,17,48.0,380,0.5,0.5(BDL),,0.32,OCT-2023.xlsx,,,92.0,7.2,,,,4,48.0,2.0,1.54,,28.0,,,,,,,43.0,3(BDL),5(BDL),0.00042(BDL),0.00035(BDL),0.00031(BDL),0.00056(BDL),0.00054(BDL),0.00059(BDL),0.15,0.019,,
3611.0,,KAIKONDANAHALLI LAKE,"E (Irrigation, industrial cooling and controlled waste)",3.3,8.0,840.0,12.0,3.0,9400.0,160000.0,,,,,152.0,140.0,108.0,2.1,184.0,96.0,88.0,29,71.0,570,0.72,0.5(BDL),,0.2(BDL),OCT-2023.xlsx,,,152.0,12.8,,,,6,44.0,2.3,2.23,,27.0,,,,,,,44.0,3(BDL),5(BDL),0.00042(BDL),0.00035(BDL),0.00031(BDL),0.00056(BDL),0.00054(BDL),0.00059(BDL),0.969,0.067,,
4504.0,,SARAKKI LAKE,"D (Propagation of wild life,fisheries)",5.7,7.5,711.0,4.0,2.73,790.0,16000.0,,,,,160.0,116.0,48.0,0.73,192.0,100.0,92.0,29,67.0,496,0.21,0.5(BDL),,0.2(BDL),OCT-2023.xlsx,,,160.0,3.7,,,,14,41.0,2.1,0.47,,25.0,,,,,,,45.0,3(BDL),5(BDL),0.00042(BDL),0.00035(BDL),0.00031(BDL),0.00056(BDL),0.00054(BDL),0.00059(BDL),0.084,0.006,,
3638.0,,YELACHENAHALLI LAKE,"D (Propagation of wild life,fisheries)",6.9,8.5,261.0,4.0,1.0,310.0,5400.0,,,,,68.0,40.0,40.0,0.54,56.0,32.0,24.0,11,23.0,182,0.2(BDL),0.5(BDL),,0.2(BDL),OCT-2023.xlsx,,,68.0,4.9,,,,5,45.0,1.4,0.05(BDL),,26.0,,,,,,,46.0,3(BDL),5(BDL),0.00042(BDL),0.00035(BDL),0.00031(BDL),0.00056(BDL),0.00054(BDL),0.00059(BDL),0.381,0.089,,
3592.0,,YEDIYUR TANK,"D (Propagation of wild life,fisheries)",6.8,8.4,261.0,4.0,0.9,840.0,16000.0,,,,,60.0,36.0,43.0,0.61,52.0,28.0,24.0,9,20.0,162,0.2(BDL),0.5(BDL),,0.2(BDL),OCT-2023.xlsx,,,48.0,5.1,,,,5,43.0,1.4,0.05(BDL),,26.0,,,,,,,47.0,24,12,0.00042(BDL),0.00035(BDL),0.00031(BDL),0.00056(BDL),0.00054(BDL),0.00059(BDL),0.382,0.06,,
3591.0,,KEMPAMBUDHI TANK,"E (Irrigation, industrial cooling and controlled waste)",2.1,7.9,362.0,22.0,1.38,7900.0,35000.0,,,,,60.0,56.0,160.0,3.8,96.0,52.0,44.0,15,33.0,252,0.41,0.5(BDL),,0.2(BDL),OCT-2023.xlsx,,,80.0,6.3,,,,7,41.0,1.5,0.98,,26.0,,,,,,,48.0,3(BDL),5(BDL),0.00042(BDL),0.00035(BDL),0.00031(BDL),0.00056(BDL),0.00054(BDL),0.00059(BDL),0.229,0.133,,
4529.0,,KASAVANAHALLI LAKE,"D (Propagation of wild life,fisheries)",5.8,8.0,728.0,5.0,3.0,4900.0,24000.0,,,,,144.0,128.0,60.0,0.4,108.0,60.0,48.0,6,86.0,492,0.2(BDL),0.5(BDL),,0.32,OCT-2023.xlsx,,,144.0,5.3,,,,56,51.0,4.0,0.38,,25.0,,,,,,,49.0,3(BDL),5(BDL),0.00042(BDL),0.00035(BDL),0.00031(BDL),0.00056(BDL),0.00054(BDL),0.00059(BDL),0.00067(BDL),0.02,,
3621.0,,HARALUR LAKE,"D (Propagation of wild life,fisheries)",4.5,8.4,798.0,8.0,3.0,4800.0,35000.0,,,,,132.0,116.0,92.0,0.52,180.0,96.0,84.0,29,83.0,538,1.4,0.5(BDL),,0.25,OCT-2023.xlsx,,,124.0,6.6,,,,23,46.0,3.0,4.8,,25.0,,,,,,,50.0,16,8,0.00042(BDL),0.00035(BDL),0.00031(BDL),0.00056(BDL),0.00054(BDL),0.00059(BDL),0.63,0.06,,
4542.0,,BASAVANAPURA LAKE,"D (Propagation of wild life,fisheries)",5.7,6.5,540.0,5.0,2.0,4300.0,92000.0,,,,,124.0,68.0,64.0,0.49,132.0,72.0,60.0,12,52.0,372,0.91,0.5(BDL),,0.2(BDL),OCT-2023.xlsx,,,124.0,6.6,,,,13,43.0,2.0,3,,25.0,,,,,,,51.0,3(BDL),5(BDL),0.00042(BDL),0.00035(BDL),0.00031(BDL),0.00056(BDL),0.00054(BDL),0.00059(BDL),1.581,0.079,,
4543.0,,KODI SINGASANDRA LAKE,"D (Propagation of wild life,fisheries)",5.4,7.7,589.0,6.0,2.0,2300.0,24000.0,,,,,112.0,84.0,56.0,0.4,112.0,64.0,48.0,27,73.0,396,0.31,0.5(BDL),,0.31,OCT-2023.xlsx,,,112.0,4.9,,,,18,42.0,3.0,0.9,,23.0,,,,,,,52.0,3(BDL),5(BDL),0.00042(BDL),0.00035(BDL),0.00031(BDL),0.00056(BDL),0.00054(BDL),0.00059(BDL),0.039,0.043,,
3620.0,,PARAPPANA AGRAHARA LAKE,"D (Propagation of wild life,fisheries)",5.5,8.2,800.0,6.0,3.0,3100.0,35000.0,,,,,136.0,120.0,72.0,0.4,176.0,96.0,80.0,31,84.0,540,0.31,0.5(BDL),,0.25,OCT-2023.xlsx,,,136.0,5.4,,,,22,47.0,3.0,0.89,,22.0,,,,,,,53.0,3(BDL),5(BDL),0.00042(BDL),0.00035(BDL),0.00031(BDL),0.00056(BDL),0.00054(BDL),0.00059(BDL),0.287,0.043,,
4547.0,,MANGAMANAPALYA LAKE(SWARANA KUNTE),"D (Propagation of wild life,fisheries)",6,7.5,719.0,4.0,3.0,470.0,9200.0,,,,,128.0,128.0,48.0,0.4,112.0,64.0,48.0,5(BDL),83.0,502,0.2(BDL),0.5(BDL),,0.29,OCT-2023.xlsx,,,128.0,3.9,,,,51,50.0,3.4,0.55,,23.0,,,,,,,54.0,3(BDL),5(BDL),0.00042(BDL),0.00035(BDL),0.00031(BDL),0.00056(BDL),0.00054(BDL),0.00059(BDL),0.00067(BDL),0.02,,
3609.0,,IBBALUR LAKE,"D (Propagation of wild life,fisheries)",6.1,7.6,595.0,4.0,2.0,410.0,16000.0,,,,,100.0,100.0,40.0,0.4,124.0,68.0,56.0,12,75.0,402,0.6,0.5(BDL),,0.24,OCT-2023.xlsx,,,100.0,4.6,,,,10,54.0,,2,,23.0,,,,,,,55.0,3(BDL),5(BDL),0.00042(BDL),0.00035(BDL),0.00031(BDL),0.00056(BDL),0.00054(BDL),0.00059(BDL),0.00067(BDL),0.024,,
4528.0,,DODDAKANNEHALLI LAKE,"D (Propagation of wild life,fisheries)",5,8.4,800.0,7.0,3.0,4000.0,54000.0,,,,,148.0,124.0,84.0,0.59,176.0,96.0,80.0,31,86.0,540,0.81,0.5(BDL),,0.25,OCT-2023.xlsx,,,148.0,13.1,,,,22,48.0,3.0,2.2,,25.0,,,,,,,56.0,3(BDL),12,0.00042(BDL),0.00035(BDL),0.00031(BDL),0.00056(BDL),0.00054(BDL),0.00059(BDL),0.389,0.047,,
3614.0,,PUTTENAHALLI LAKE,"D (Propagation of wild life,fisheries)",5.7,7.0,346.0,5.0,1.0,3100.0,35000.0,,,,,88.0,88.0,52.0,0.4,104.0,60.0,44.0,18,71.0,302,0.28,0.5(BDL),,0.27,OCT-2023.xlsx,,,88.0,3.2,,,,20,54.0,3.0,0.78,,25.0,,,,,,,57.0,3(BDL),5(BDL),0.00042(BDL),0.00035(BDL),0.00031(BDL),0.00056(BDL),0.00054(BDL),0.00059(BDL),0.13,0.027,,
4521.0,,DEVARABEESANAHALLI LAKE,"D (Propagation of wild life,fisheries)",4.4,7.9,679.0,6.0,3.0,7000.0,92000.0,,,,,136.0,100.0,56.0,0.4,124.0,68.0,56.0,19,82.0,468,0.2(BDL),0.5(BDL),,0.31,OCT-2023.xlsx,,,136.0,16.3,,,,34,51.0,3.0,0.07,,24.0,,,,,,,58.0,3(BDL),5(BDL),0.00042(BDL),0.00035(BDL),0.00031(BDL),0.00056(BDL),0.00054(BDL),0.00059(BDL),0.159,0.021,,
5570.0,,"Soulkere, Kaikondrahalli Vill,Bengaluru","D (Propagation of wild life,fisheries)",6,7.8,641.0,5.0,3.0,1300.0,24000.0,,,,,144.0,92.0,48.0,0.4,112.0,60.0,52.0,18,81.0,442,0.2(BDL),0.5(BDL),,0.39,OCT-2023.xlsx,,,144.0,14.8,,,,25,55.0,3.0,0.11,,24.0,,,,,,,59.0,3(BDL),5(BDL),0.00042(BDL),0.00035(BDL),0.00031(BDL),0.00056(BDL),0.00054(BDL),0.00059(BDL),0.00067(BDL),0.014,,
5567.0,,"Doddakallasandra Lake,Bengaluru","D (Propagation of wild life,fisheries)",6,7.4,572.0,4.0,2.0,460.0,5400.0,,,,,112.0,68.0,40.0,0.4,84.0,48.0,36.0,18,51.0,388,0.2(BDL),0.5(BDL),,0.26,OCT-2023.xlsx,,,112.0,5.6,,,,18,51.0,2.0,0.05(BDL),,24.0,,,,,,,60.0,3(BDL),5(BDL),0.00042(BDL),0.00035(BDL),0.00031(BDL),0.00056(BDL),0.00054(BDL),0.00059(BDL),0.00067(BDL),,,
5572.0,,"Kudlu Chikkakere, Bgp Layout Kudlu Vill ,Bengaluru","E (Irrigation, industrial cooling and controlled waste)",1.9,8.1,723.0,13.0,3.0,7000.0,35000.0,,,,,200.0,104.0,128.0,2.2,152.0,80.0,72.0,11,64.0,498,0.2(BDL),0.5(BDL),,0.28,OCT-2023.xlsx,,,200.0,48.5,,,,31,25.0,2.0,0.4,,23.0,,,,,,,61.0,3(BDL),5(BDL),0.00042(BDL),0.00035(BDL),0.00031(BDL),0.00056(BDL),0.00054(BDL),0.00059(BDL),0.084,0.024,,
5571.0,,"Kudlu Doddakere, Kudlu Vill,Bengaluru","E (Irrigation, industrial cooling and controlled waste)",3.5,8.1,724.0,13.0,3.0,480.0,9200.0,,,,,196.0,92.0,124.0,3.6,176.0,92.0,84.0,12,72.0,492,0.26,0.5(BDL),,0.29,OCT-2023.xlsx,,,196.0,47.2,,,,20,44.0,2.0,0.47,,24.0,,,,,,,62.0,3(BDL),5(BDL),0.00042(BDL),0.00035(BDL),0.00031(BDL),0.00056(BDL),0.00054(BDL),0.00059(BDL),0.097,0.035,,
5574.0,,"Anjanapura Lake ( Avala Halli Lake) Anjanapura,Bengaluru","D (Propagation of wild life,fisheries)",4.5,6.9,530.0,6.0,2.0,330.0,5400.0,,,,,100.0,96.0,60.0,0.4,96.0,52.0,44.0,7,50.0,360,0.76,0.5(BDL),,0.27,OCT-2023.xlsx,,,100.0,4.9,,,,3,52.0,2.0,1.9,,23.0,,,,,,,63.0,3(BDL),5(BDL),0.00042(BDL),0.00035(BDL),0.00031(BDL),0.00056(BDL),0.00054(BDL),0.00059(BDL),0.075,0.014,,
3602.0,,BELLANDUR LAKE,"E (Irrigation, industrial cooling and controlled waste)",1.9,7.1,997.0,51.0,4.0,340000.0,2400000.0,,,,,344.0,92.0,212.0,14.6,320.0,164.0,156.0,31,66.0,686,0.6,0.5(BDL),,0.3,OCT-2023.xlsx,,,344.0,20.5,,,,26,29.0,2.0,1.27,,21.0,,,,,,,64.0,3(BDL),5(BDL),0.00042(BDL),0.00035(BDL),0.00031(BDL),0.00056(BDL),0.004,0.00059(BDL),1.05,0.147,,
3600.0,,SHIVAPURA TANK,"E (Irrigation, industrial cooling and controlled waste)",1.8,7.3,2320.0,27.0,8.89,8400.0,92000.0,,,,,540.0,392.0,170.0,3.9,620.0,316.0,304.0,94,166.0,1630,0.8,0.5(BDL),,0.49,OCT-2023.xlsx,,,540.0,10.9,,,,46,35.0,540.0,1.78,,25.0,,,,,,,65.0,3(BDL),5(BDL),0.00042(BDL),0.00035(BDL),0.00031(BDL),0.072,0.133,0.052,2.181,0.979,,
3601.0,,KARIHOBANAHALLI LAKE,"E (Irrigation, industrial cooling and controlled waste)",2.1,7.1,1438.0,17.0,5.47,3300.0,54000.0,,,,,332.0,240.0,153.0,3.2,388.0,200.0,188.0,58,114.0,1010,0.48,0.5(BDL),,0.32,OCT-2023.xlsx,,,332.0,9.4,,,,29,37.0,2.5,1.12,,24.5,,,,,,,66.0,3(BDL),5(BDL),0.00042(BDL),0.00035(BDL),0.00031(BDL),0.019,0.025,0.00059(BDL),0.642,1.456,,
3607.0,,KALKERE TANK,"E (Irrigation, industrial cooling and controlled waste)",2.8,6.7,866.0,15.0,3.32,4600.0,35000.0,,,,,200.0,144.0,139.0,2.6,232.0,120.0,112.0,35,79.0,604,0.42,0.5(BDL),,0.2(BDL),OCT-2023.xlsx,,,200.0,7.6,,,,17,40.0,2.2,0.96,,25.5,,,,,,,67.0,3(BDL),5(BDL),0.00042(BDL),0.00035(BDL),0.00031(BDL),0.00056(BDL),0.003,0.00059(BDL),0.44,0.055,,
4519.0,,RAMPURA LAKE,"E (Irrigation, industrial cooling and controlled waste)",0.3(BDL),7.3,1457.0,77.0,5.59,170000.0,2400000.0,,,,,336.0,244.0,320.0,18.1,400.0,204.0,196.0,59,117.0,1022,1.4,0.5(BDL),,0.24,OCT-2023.xlsx,,,336.0,16.6,,,,29,37.0,2.5,3.6,,24.0,,,,,,,68.0,3(BDL),5(BDL),0.00042(BDL),0.00035(BDL),0.00031(BDL),0.009,0.007,0.00059(BDL),2.359,0.591,,
3604.0,,DODDANEKKUNDI LAKE,"D (Propagation of wild life,fisheries)",4.2,6.7,381.0,4.0,1.46,700.0,9200.0,,,,,84.0,60.0,45.0,0.54,100.0,56.0,44.0,16,33.0,266,0.2(BDL),0.5(BDL),,0.2(BDL),OCT-2023.xlsx,,,84.0,4.0,,,,8,39.0,1.43,0.05(BDL),,25.2,,,,,,,69.0,3(BDL),5(BDL),0.00042(BDL),0.00035(BDL),0.00031(BDL),0.00056(BDL),0.00054(BDL),0.00059(BDL),0.164,0.057,,
4097.0,,KACHOHALLI LAKE,"D (Propagation of wild life,fisheries)",4.8,6.8,508.0,8.0,1.5,480.0,16000.0,,,,,136.0,72.0,78.0,0.9,196.0,104.0,92.0,16,56.0,348,0.7,0.5(BDL),,0.2(BDL),OCT-2023.xlsx,,,136.0,6.8,,,,24,35.0,1.4,1.9,,25.0,,,,,,,70.0,3(BDL),5(BDL),0.00042(BDL),0.00035(BDL),0.00031(BDL),0.005,0.005,0.00059(BDL),1.432,0.249,,
4538.0,,MACHOHALLI LAKE,"D (Propagation of wild life,fisheries)",5,6.6,505.0,7.2,1.7,7900.0,54000.0,,,,,152.0,80.0,68.0,0.98,136.0,72.0,64.0,16,54.0,346,0.53,0.5(BDL),,0.2(BDL),OCT-2023.xlsx,,,152.0,6.4,,,,26,40.0,2.0,0.83,,24.0,,,,,,,71.0,3(BDL),5(BDL),0.00042(BDL),0.00035(BDL),0.00031(BDL),0.012,0.007,0.00059(BDL),1.958,0.237,,
4094.0,,GANGONDANAHALLI LAKE,"E (Irrigation, industrial cooling and controlled waste)",0.3(BDL),6.8,1493.0,72.0,6.0,7000.0,35000.0,,,,,444.0,292.0,240.0,16.4,400.0,204.0,196.0,24,167.0,1018,1,0.5(BDL),,0.44,OCT-2023.xlsx,,,444.0,38.8,,,,29,45.0,3.6,2.6,,25.0,,,,,,,72.0,3(BDL),5(BDL),0.00042(BDL),0.075,0.031,0.142,0.045,0.185,26.255,0.752,,
3599.0,,ANCHEPALYA LAKE,"E (Irrigation, industrial cooling and controlled waste)",0.3(BDL),7.0,1289.0,62.0,5.0,460.0,9200.0,,,,,388.0,196.0,208.0,7.2,436.0,224.0,212.0,19,149.0,882,2.5,0.5(BDL),,0.23,OCT-2023.xlsx,,,388.0,16.8,,,,26,40.0,3.1,,,25.0,,,,,,,73.0,3(BDL),5(BDL),0.00042(BDL),0.00035(BDL),0.00031(BDL),0.009,0.008,0.00059(BDL),0.807,0.595,,
4539.0,,DODDABIDARAKALLU LAKE,"E (Irrigation, industrial cooling and controlled waste)",2.4,6.7,2191.0,17.0,12.0,2300.0,24000.0,,,,,508.0,268.0,116.0,1.9,996.0,504.0,492.0,92,340.0,1492,0.5,0.5(BDL),,0.2(BDL),OCT-2023.xlsx,,,508.0,18.4,,,,32,41.0,4.7,1.1,,24.0,,,,,,,74.0,3(BDL),5(BDL),0.00042(BDL),0.00035(BDL),0.00031(BDL),0.038,0.067,0.018,0.663,0.711,,
3606.0,,DASARAHALLI TANK,"E (Irrigation, industrial cooling and controlled waste)",2.6,6.7,602.0,18.0,1.5,4900.0,160000.0,,,,,164.0,120.0,118.0,,176.0,92.0,84.0,19,48.0,410,0.5,0.5(BDL),,0.2(BDL),OCT-2023.xlsx,,,164.0,13.6,,,,31,33.0,1.57,1.32,,25.0,,,,,,,75.0,3(BDL),5(BDL),0.00042(BDL),0.00035(BDL),0.00031(BDL),0.005,0.006,0.00059(BDL),1.609,0.273,,
4540.0,,KAMMAGONDANAHALLI LAKE,"E (Irrigation, industrial cooling and controlled waste)",2.5,7.8,550.0,18.0,1.8,40000.0,540000.0,,,,,180.0,72.0,120.0,2.2,168.0,88.0,35.0,17,55.0,378,0.5,0.5(BDL),,0.2(BDL),OCT-2023.xlsx,,,180.0,12.0,,,,32,40.0,1.85,1.4,,25.0,,,,,,,76.0,3(BDL),5(BDL),0.00042(BDL),0.00035(BDL),0.00031(BDL),0.019,0.012,0.00059(BDL),3.363,0.132,,
5559.0,,"Shettihalli Lake, Mallasandra Gudde Lake Bengaluru","D (Propagation of wild life,fisheries)",2.8,7.2,558.0,17.0,1.8,4800.0,35000.0,,,,,184.0,72.0,116.0,2.4,176.0,92.0,84.0,17,53.0,386,0.5,0.5(BDL),,0.2(BDL),OCT-2023.xlsx,,,184.0,14.3,,,,32,,,1.3,,25.0,,,,,,,77.0,3(BDL),5(BDL),0.00042(BDL),0.00035(BDL),0.00031(BDL),0.009,0.008,0.00059(BDL),1.895,0.153,,
4506.0,,ABBIGERE LAKE,"D (Propagation of wild life,fisheries)",4.6,7.0,840.0,8.0,3.0,580.0,9200.0,,,,,256.0,148.0,77.0,0.95,220.0,116.0,104.0,19,85.0,574,0.2(BDL),0.5(BDL),,0.2(BDL),OCT-2023.xlsx,,,256.0,8.4,,,,35,41.0,2.5,0.5,,24.0,,,,,,,78.0,3(BDL),5(BDL),0.00042(BDL),0.00035(BDL),0.00031(BDL),0.011,0.008,0.00059(BDL),2.104,1.161,,
4095.0,,CHIKKABANAVARA LAKE,"D (Propagation of wild life,fisheries)",4.7,6.8,785.0,8.0,3.0,330.0,16000.0,,,,,216.0,156.0,72.0,0.83,196.0,104.0,92.0,18,84.0,544,0.2(BDL),0.5(BDL),,0.22,OCT-2023.xlsx,,,216.0,5.4,,,,35,43.0,18.0,0.4,,25.0,,,,,,,79.0,3(BDL),5(BDL),0.00042(BDL),0.00035(BDL),0.00031(BDL),0.00056(BDL),0.005,0.00059(BDL),0.535,0.493,,
3597.0,,HESARAGHATTA LAKE,"D (Propagation of wild life,fisheries)",5.2,7.5,520.0,5.0,2.0,4000.0,54000.0,,,,,116.0,40.0,44.0,0.4,160.0,80.0,80.0,28,34.0,354,0.2(BDL),0.5(BDL),,0.2(BDL),OCT-2023.xlsx,,,116.0,7.3,,,,3,31.0,1.5,0.05(BDL),,24.0,,,,,,,80.0,3(BDL),5(BDL),0.00042(BDL),0.00035(BDL),0.00031(BDL),0.009,0.006,0.00059(BDL),1.292,0.232,,
4541.0,,ALUR LAKE,"D (Propagation of wild life,fisheries)",6.1,7.3,528.0,4.0,2.0,310.0,9200.0,,,,,120.0,32.0,40.0,0.4,148.0,72.0,76.0,29,36.0,360,0.2(BDL),0.5(BDL),,0.2(BDL),OCT-2023.xlsx,,,120.0,14.9,,,,3,34.0,1.3,0.05(BDL),,24.0,,,,,,,81.0,3(BDL),5(BDL),0.00042(BDL),0.00035(BDL),0.00031(BDL),0.008,0.006,0.00059(BDL),1.335,0.227,,
4513.0,,RAMAMMANA KERE,"D (Propagation of wild life,fisheries)",5.2,7.3,520.0,5.0,2.0,480.0,16000.0,,,,,140.0,40.0,44.0,0.4,160.0,80.0,80.0,28,34.0,354,0.2(BDL),0.5(BDL),,0.21,OCT-2023.xlsx,,,140.0,6.6,,,,3,31.0,1.5,0.05(BDL),,24.0,,,,,,,82.0,3(BDL),5(BDL),0.00042(BDL),0.00035(BDL),0.00031(BDL),0.019,0.009,0.00059(BDL),2.741,0.297,,
4535.0,,GUBBALAL LAKE,"D (Propagation of wild life,fisheries)",5.8,6.5,384.0,4.0,1.14,7000.0,54000.0,,,,,100.0,28.0,40.0,0.46,96.0,52.0,44.0,11,16.0,260,0.43,0.5(BDL),,0.2(BDL),OCT-2023.xlsx,,,100.0,1.24,,,,1(BDL),25.0,1.5,1.32,,25.0,,,,,,,83.0,3(BDL),5(BDL),0.00042(BDL),0.00035(BDL),0.00031(BDL),0.00056(BDL),0.009,0.00059(BDL),0.321,0.052,,
3596.0,,NAYANDANAHALLI TANK,"D (Propagation of wild life,fisheries)",5.2,7.9,872.0,6.0,4.0,4600.0,35000.0,,,,,204.0,132.0,52.0,0.4,220.0,116.0,104.0,14,78.0,594,1.1,0.5(BDL),,0.3,OCT-2023.xlsx,,,204.0,8.5,,,,5,42.0,2.29,3.39,,26.0,,,,,,,84.0,3(BDL),5(BDL),0.00042(BDL),0.00035(BDL),0.00031(BDL),0.006,0.01,0.00059(BDL),0.916,0.023,,
3633.0,,SUBRAMANYAPURA TANK,"D (Propagation of wild life,fisheries)",4.3,7.3,620.0,8.0,3.0,2300.0,24000.0,,,,,164.0,76.0,72.0,0.4,176.0,92.0,84.0,29,59.0,422,2.86,0.5(BDL),,0.33,OCT-2023.xlsx,,,164.0,37.1,,,,5,41.0,1.5,8.78,,27.0,,,,,,,85.0,3(BDL),5(BDL),0.00042(BDL),0.00035(BDL),0.00031(BDL),0.00056(BDL),0.003,0.00059(BDL),0.956,0.149,,
3640.0,,UTTARAHALLI DORAIKERE,"E (Irrigation, industrial cooling and controlled waste)",1.2,7.3,321.0,15.0,1.29,22000.0,240000.0,,,,,76.0,24.0,120.0,3.1,88.0,48.0,40.0,10,15.0,218,0.2(BDL),0.5(BDL),,0.2(BDL),OCT-2023.xlsx,,,76.0,76.2,,,,2,26.0,1.4,0.05(BDL),,27.0,,,,,,,86.0,3(BDL),5(BDL),0.00042(BDL),0.00035(BDL),0.00031(BDL),0.01,0.009,0.00059(BDL),5.422,0.153,,
4536.0,,HOSAKEREHALLI LAKE,"D (Propagation of wild life,fisheries)",5.3,7.6,698.0,6.0,2.0,4900.0,160000.0,,,,,,72.0,56.0,0.44,176.0,92.0,84.0,28,53.0,476,0.63,0.5(BDL),,0.34,OCT-2023.xlsx,,,196.0,36.9,,,,4,38.0,1.5,1.93,,28.0,,,,,,,87.0,3(BDL),5(BDL),0.00042(BDL),0.00035(BDL),0.00031(BDL),0.00056(BDL),0.003,0.00059(BDL),0.406,0.118,,
3634.0,,DEVARAKERE TANK,"D (Propagation of wild life,fisheries)",5.8,6.5,376.0,5.0,1.1,5800.0,92000.0,,,,,84.0,20.0,48.0,0.51,104.0,56.0,48.0,7,20.0,254,0.29,0.5(BDL),,0.2(BDL),OCT-2023.xlsx,,,84.0,5.3,,,,3,28.0,1.5,0.91,,27.0,,,,,,,88.0,3(BDL),5(BDL),0.00042(BDL),0.00035(BDL),0.00031(BDL),0.00056(BDL),0.00054(BDL),0.00059(BDL),0.00067(BDL),0.075,,
3641.0,,DHOREKERE TANK,"E (Irrigation, industrial cooling and controlled waste)",1.8,7.0,427.0,14.0,1.31,7900.0,54000.0,,,,,112.0,24.0,116.0,1.29,128.0,68.0,60.0,26,27.0,290,0.43,0.5(BDL),,0.2(BDL),OCT-2023.xlsx,,,112.0,58.2,,,,3,30.0,1.1,1.33,,25.0,,,,,,,89.0,3(BDL),5(BDL),0.00042(BDL),0.00035(BDL),0.00031(BDL),0.00056(BDL),0.004,0.00059(BDL),1.357,0.127,,
4531.0,,RAYASANDRA LAKE,"E (Irrigation, industrial cooling and controlled waste)",0.4,7.0,1286.0,24.0,5.1,2100.0,54000.0,,,,,392.0,184.0,157.0,1.4,392.0,200.0,192.0,27,152.0,878,2,0.5(BDL),,0.3,OCT-2023.xlsx,,,392.0,14.4,,,,36,43.0,3.3,4.5,,25.0,,,,,,,90.0,3(BDL),5(BDL),0.00042(BDL),0.002,0.00031(BDL),0.015,0.059,0.067,3.291,0.194,,
4530.0,,KAMMASANDRA LAKE,"E (Irrigation, industrial cooling and controlled waste)",0.3(BDL),7.0,1952.0,67.0,7.6,220000.0,2400000.0,,,,,700.0,332.0,223.0,20.6,532.0,272.0,260.0,27,219.0,1330,2.2,0.5(BDL),,0.36,OCT-2023.xlsx,,,700.0,29.6,,,,38,45.0,4.1,6,,25.0,,,,,,,91.0,3(BDL),5(BDL),0.00042(BDL),0.017,0.00031(BDL),0.024,0.088,0.123,3.248,0.272,,
4107.0,,"MUGALUR, BENGALURU","E (Irrigation, industrial cooling and controlled waste)",2,7.2,1165.0,16.0,4.2,400000.0,3500000.0,,,,,412.0,204.0,108.0,1.8,340.0,176.0,164.0,23,123.0,802,1.5,0.5(BDL),,0.3,OCT-2023.xlsx,,,412.0,16.0,,,,33,41.0,2.9,3.1,,22.0,,,,,,,92.0,3(BDL),5(BDL),0.00042(BDL),0.00035(BDL),0.00031(BDL),0.01,0.007,0.00059(BDL),3.288,0.185,,
4532.0,,CHANDAPURA LAKE,"E (Irrigation, industrial cooling and controlled waste)",3.5,7.3,1180.0,10.0,5.6,4300.0,92000.0,,,,,340.0,156.0,92.0,1.1,464.0,236.0,228.0,21,162.0,810,1.2,0.5(BDL),,0.4,OCT-2023.xlsx,,,340.0,12.8,,,,30,41.0,3.3,2.9,,25.0,,,,,,,93.0,3(BDL),5(BDL),0.00042(BDL),0.00035(BDL),0.00031(BDL),0.012,0.03,0.009,0.082,0.245,,
4527.0,,SHEELAVANTA-WHITEFIELD LAKE,"D (Propagation of wild life,fisheries)",5.4,7.6,614.0,6.0,2.0,5800.0,92000.0,,,,,76.0,116.0,56.0,0.4,92.0,52.0,40.0,16,62.0,422,0.2(BDL),0.5(BDL),,0.22,OCT-2023.xlsx,,,76.0,7.2,,,,22,53.0,3.0,0.36,,21.0,,,,,,,94.0,3(BDL),5(BDL),0.00042(BDL),0.00035(BDL),0.00031(BDL),0.00056(BDL),0.00054(BDL),0.01,1.603,0.044,,
4524.0,,PATTANDUR AGRAHARA LAKE,"E (Irrigation, industrial cooling and controlled waste)",3.2,6.7,1572.0,16.0,5.0,4000.0,35000.0,,,,,256.0,304.0,124.0,3.4,320.0,168.0,152.0,25,170.0,1058,0.63,0.5(BDL),,0.38,OCT-2023.xlsx,,,256.0,1.7,,,,30,51.0,4.0,2,,21.0,,,,,,,95.0,3(BDL),5(BDL),0.00042(BDL),0.00035(BDL),0.00031(BDL),0.00056(BDL),0.00054(BDL),0.00059(BDL),0.104,0.065,,
4523.0,,NALLURAHALLI LAKE,"D (Propagation of wild life,fisheries)",5.7,6.8,616.0,5.0,2.0,2300.0,24000.0,,,,,88.0,96.0,48.0,0.4,164.0,88.0,76.0,44,64.0,412,0.2(BDL),0.5(BDL),,0.23,OCT-2023.xlsx,,,88.0,60.2,,,,18,43.0,2.0,0.53,,24.0,,,,,,,96.0,3(BDL),5(BDL),0.00042(BDL),0.008,0.00031(BDL),0.00056(BDL),0.009,0.02,6.683,0.124,,
5560.0,,"Hoodi (Rajapalya Lake) Itpl Main Road, Near Hoodi,Bengaluru","D (Propagation of wild life,fisheries)",5,6.7,1562.0,7.0,5.0,460.0,9200.0,,,,,248.0,312.0,88.0,0.4,324.0,168.0,156.0,33,165.0,1052,0.58,0.5(BDL),,0.22,OCT-2023.xlsx,,,248.0,1.1,,,,22,50.0,4.0,2,,24.0,,,,,,,97.0,3(BDL),5(BDL),0.00042(BDL),0.00035(BDL),0.00031(BDL),0.00056(BDL),0.00054(BDL),0.00059(BDL),0.065,0.061,,
4525.0,,SEETHARAMPALYA LAKE,"D (Propagation of wild life,fisheries)",6.1,7.4,489.0,4.0,1.0,4900.0,160000.0,,,,,104.0,68.0,40.0,0.4,104.0,60.0,44.0,17,74.0,334,0.46,0.5(BDL),,0.22,OCT-2023.xlsx,,,104.0,7.3,,,,20,55.0,3.0,1,,23.5,,,,,,,98.0,3(BDL),5(BDL),0.00042(BDL),0.00035(BDL),0.00031(BDL),0.00056(BDL),0.00054(BDL),0.011,0.414,0.02,,
4514.0,,SADARAMANGALA LAKE,"D (Propagation of wild life,fisheries)",6,6.5,774.0,4.0,3.0,430.0,9200.0,,,,,172.0,108.0,40.0,0.4,160.0,88.0,72.0,24,76.0,524,0.47,0.5(BDL),,0.2(BDL),OCT-2023.xlsx,,,172.0,4.7,,,,27,46.0,3.0,1.2,,25.0,,,,,,,99.0,3(BDL),5(BDL),0.00042(BDL),0.00035(BDL),0.00031(BDL),0.00056(BDL),0.00054(BDL),0.021,0.64,0.079,,
4518.0,,GARUDACHARPALYA TANK,"D (Propagation of wild life,fisheries)",5.7,6.5,750.0,5.0,3.0,3300.0,54000.0,,,,,192.0,104.0,44.0,0.4,196.0,104.0,92.0,14,78.0,508,0.88,0.5(BDL),,0.2(BDL),OCT-2023.xlsx,,,192.0,8.7,,,,24,43.0,2.0,3,,24.5,,,,,,,100.0,3(BDL),5(BDL),0.00042(BDL),0.00035(BDL),0.00031(BDL),0.00056(BDL),0.00054(BDL),0.004,0.495,0.209,,
3610.0,,TUBARAHALLI TANK,"D (Propagation of wild life,fisheries)",5.4,7.2,575.0,6.0,2.0,5800.0,92000.0,,,,,84.0,88.0,72.0,0.4,124.0,58.0,56.0,20,63.0,388,0.21,0.5(BDL),,0.25,OCT-2023.xlsx,,,84.0,28.4,,,,16,49.0,2.0,0.53,,25.2,,,,,,,101.0,3(BDL),5(BDL),0.00042(BDL),0.00035(BDL),0.00031(BDL),0.00056(BDL),0.00054(BDL),0.00059(BDL),1.679,0.042,,
4503.0,,MADHURE TANK,"D (Propagation of wild life,fisheries)",4.6,6.5,300.0,10.0,0.62,4300.0,54000.0,,,,,68.0,32.0,91.0,0.86,108.0,60.0,48.0,57,25.0,240,0.2(BDL),0.5(BDL),,0.2(BDL),OCT-2023.xlsx,,,68.0,7.4,,,,15,30.0,1.3,0.7,,26.0,,,,,,,102.0,3(BDL),5(BDL),0.00042(BDL),0.00035(BDL),0.00031(BDL),0.00056(BDL),0.00054(BDL),0.004,0.364,0.061,,
4516.0,,KUNDALAHALLI LAKE,"D (Propagation of wild life,fisheries)",4.9,7.8,1256.0,8.0,5.0,7000.0,160000.0,,,,,232.0,276.0,84.0,0.91,312.0,160.0,152.0,21,107.0,866,0.41,0.5(BDL),,0.2(BDL),OCT-2023.xlsx,,,232.0,6.8,,,,15,41.0,3.0,0.98,,25.0,,,,,,,103.0,3(BDL),5(BDL),0.00042(BDL),0.00035(BDL),0.00031(BDL),0.00056(BDL),0.00054(BDL),0.00059(BDL),0.081,0.103,,
4520.0,,CHINNAPPANAHALLI LAKE,"D (Propagation of wild life,fisheries)",6,7.7,614.0,5.0,2.0,3300.0,24000.0,,,,,120.0,76.0,48.0,0.49,116.0,64.0,52.0,15,61.0,416,0.2(BDL),0.5(BDL),,0.31,OCT-2023.xlsx,,,120.0,6.4,,,,10,51.0,2.0,0.29,,25.0,,,,,,,104.0,3(BDL),5(BDL),0.00042(BDL),0.00035(BDL),0.00031(BDL),0.00056(BDL),0.00054(BDL),0.00059(BDL),0.309,0.09,,
5561.0,,"Munekolalu Lake ,Marathahalli, East Taluka ,Bengaluru","D (Propagation of wild life,fisheries)",4.5,7.4,567.0,6.0,2.0,4000.0,35000.0,,,,,112.0,80.0,60.0,0.4,100.0,56.0,44.0,5(BDL),52.0,390,0.2(BDL),0.5(BDL),,0.22,OCT-2023.xlsx,,,112.0,12.5,,,,11,50.0,2.0,0.05(BDL),,25.0,,,,,,,105.0,3(BDL),5(BDL),0.00042(BDL),0.00035(BDL),0.00031(BDL),0.00056(BDL),0.00054(BDL),0.00059(BDL),0.133,0.045,,
5562.0,,"Mahadevpura  Lake, K. R. Puram , Bangalore East Taluka","D (Propagation of wild life,fisheries)",4.4,8.2,580.0,8.0,2.0,2100.0,54000.0,,,,,112.0,96.0,96.0,0.46,104.0,60.0,44.0,11,58.0,392,0.49,0.5(BDL),,0.2(BDL),OCT-2023.xlsx,,,112.0,27.9,,,,14,51.0,2.0,1,,25.0,,,,,,,106.0,3(BDL),5(BDL),0.00042(BDL),0.00035(BDL),0.00031(BDL),0.00056(BDL),0.00054(BDL),0.002,0.434,0.018,,
3608.0,,VARTHUR LAKE,"E (Irrigation, industrial cooling and controlled waste)",0.3(BDL),6.9,1303.0,30.0,5.0,700000.0,5400000.0,,,,,420.0,164.0,212.0,21.56,416.0,212.0,204.0,20,125.0,886,2,0.5(BDL),,0.37,OCT-2023.xlsx,,,420.0,20.1,,,,15,38.0,2.67,7,,25.0,,,,,,,107.0,3(BDL),5(BDL),0.00042(BDL),0.012,0.00031(BDL),0.009,0.007,0.033,4.87,0.276,,
3632.0,,VEERAPURA TANK,"D (Propagation of wild life,fisheries)",4.4,7.1,520.0,10.0,1.7,3300.0,35000.0,,,,,120.0,72.0,93.0,0.94,176.0,92.0,84.0,63,53.0,350,0.6,0.5(BDL),,0.3,OCT-2023.xlsx,,,120.0,8.6,,,,18,37.0,1.2,1.4,,27.0,,,,,,,108.0,3(BDL),5(BDL),0.00042(BDL),0.018,0.00031(BDL),0.01,0.012,0.013,2.22,0.102,,
4522.0,,VIBHUTHIPURA LAKE,"D (Propagation of wild life,fisheries)",4.6,6.6,624.0,8.0,3.0,4900.0,54000.0,,,,,144.0,84.0,84.0,0.62,116.0,64.0,52.0,39,54.0,424,0.33,0.5(BDL),,0.24,OCT-2023.xlsx,,,144.0,39.6,,,,4,48.0,2.18,1.01,,25.0,,,,,,,109.0,3(BDL),5(BDL),0.00042(BDL),0.01,0.00031(BDL),0.00056(BDL),0.00054(BDL),0.034,0.812,0.074,,
5565.0,,Kannur Lake,"D (Propagation of wild life,fisheries)",4.2,6.7,381.0,4.0,1.46,700.0,9200.0,,,,,84.0,60.0,45.0,0.54,100.0,56.0,44.0,16,33.0,266,0.2(BDL),0.5(BDL),,1.6,OCT-2023.xlsx,,,84.0,4.0,,,,8,39.0,1.43,0.05(BDL),,20.0,,,,,,,110.0,3(BDL),5(BDL),0.00042(BDL),0.00035(BDL),0.00031(BDL),0.00056(BDL),0.00054(BDL),0.00059(BDL),0.164,0.057,,
3594.0,,SankeyTank,"D (Propagation of wild life,fisheries)",5.1,7.7,562.0,4.0,2.0,49.0,1600.0,,,,,132.0,72.0,44.0,0.48,140.0,76.0,64.0,28,51.0,386,0.15,0.5(BDL),,0.3,OCT-2023.xlsx,,,132.0,4.2,,,,8,42.0,2.0,0.35,,27.0,,,,,,,111.0,3(BDL),5(BDL),0.00042(BDL),0.00035(BDL),0.00031(BDL),0.00056(BDL),0.003,0.00059(BDL),0.03,0.059,,
4096.0,,Andrahalli Lake,"E (Irrigation, industrial cooling and controlled waste)",0.5(BDL),6.7,1185.0,39.0,5.0,46000.0,350000.0,,,,,228.0,252.0,200.0,14.3,248.0,128.0,120.0,23,96.0,816,2,0.5(BDL),,0.41,OCT-2023.xlsx,,,228.0,21.2,,,,35,42.0,3.0,5,,27.0,,,,,,,112.0,3(BDL),5(BDL),0.00042(BDL),0.004,0.009,0.045,0.016,0.019,8.355,0.617,,
3598.0,,Herohalli Lake,"D (Propagation of wild life,fisheries)",6,7.0,423.0,5.0,2.0,4700.0,92000.0,,,,,92.0,48.0,48.0,0.48,140.0,76.0,64.0,12,37.0,290,0.4,0.5(BDL),,0.2(BDL),OCT-2023.xlsx,,,92.0,44.3,,,,12,22.0,1.0,0.92,,25.0,,,,,,,113.0,3(BDL),5(BDL),0.00042(BDL),0.00035(BDL),0.00031(BDL),0.012,0.008,0.00059(BDL),2.189,0.292,,
4512.0,,Vishwaneedam dam Lake,"D (Propagation of wild life,fisheries)",6.1,6.8,470.0,4.0,2.0,340.0,16000.0,,,,,104.0,36.0,44.0,0.49,168.0,88.0,80.0,16,26.0,324,0.2(BDL),0.5(BDL),,0.2(BDL),OCT-2023.xlsx,,,104.0,5.7,,,,10,24.0,0.87,0.59,,23.0,,,,,,,114.0,3(BDL),5(BDL),0.00042(BDL),0.00035(BDL),0.00031(BDL),0.00056(BDL),0.00054(BDL),0.00059(BDL),0.00067(BDL),0.00043(BDL),,
5558.0,,Kannahalli Lake,"D (Propagation of wild life,fisheries)",4.8,7.0,1387.0,9.0,6.0,580.0,9200.0,,,,,320.0,224.0,88.0,0.65,388.0,200.0,188.0,25,92.0,956,0.56,0.5(BDL),,0.22,OCT-2023.xlsx,,,320.0,3.7,,,,31,32.0,2.0,1.42,,25.0,,,,,,,115.0,3(BDL),5(BDL),0.00042(BDL),0.00035(BDL),0.00031(BDL),0.00056(BDL),0.006,0.079,0.572,0.00043(BDL),,
1388.0,,ULSOOR LAKE TRAINING CENTRE OF FISH BREEDING,"D (Propagation of wild life,fisheries)",4.8,7.6,380.0,7.0,6.79,4300.0,92000.0,,,,,,72.0,60.0,0.99,68.0,32.0,9.0,12,49.0,258,0.49,0.5(BDL),,,SEP-2023.xlsx,,3(BDL),80.0,13.2,,,,5,,,,,,5(BDL),,,,,,1.0,,,,,,,,,,,80.0,0.31
5568.0,,"Ulsoor Lake Near Kalyani,Bengaluru","D (Propagation of wild life,fisheries)",5.6,6.7,385.0,6.0,7.0,4800.0,35000.0,,,,,,56.0,52.0,0.76,64.0,36.0,28.0,19,17.0,262,0.33,0.5(BDL),,,SEP-2023.xlsx,,3(BDL),76.0,14.2,,,,6,,,,,,5(BDL),,,,,,2.0,,,,,,,,,,,76.0,0.21
5569.0,,"Byrasandra Upper Lake,Bengaluru","D (Propagation of wild life,fisheries)",5.4,6.5,425.0,6.0,7.0,4700.0,160000.0,,,,,,36.0,56.0,0.78,104.0,56.0,48.0,22,46.0,290,0.73,0.5(BDL),,,SEP-2023.xlsx,,3(BDL),80.0,12.6,,,,4,,,,,,5(BDL),,,,,,3.0,,,,,,,,,,,80.0,0.25
3595.0,,BYRASANDRA TANK,"D (Propagation of wild life,fisheries)",5.4,6.5,467.0,6.0,7.0,4900.0,92000.0,,,,,,68.0,56.0,0.98,88.0,48.0,40.0,18,46.0,316,0.43,0.5(BDL),,,SEP-2023.xlsx,,3(BDL),72.0,12.7,,,,4,,,,,,5(BDL),,,,,,4.0,,,,,,,,,,,72.0,0.26
3593.0,,ULSOOR LAKE TEMPLE,"D (Propagation of wild life,fisheries)",4.8,7.6,380.0,,7.0,4300.0,92000.0,,,,,,72.0,60.0,0.99,68.0,32.0,36.0,12,49.0,258,0.49,0.5(BDL),,,SEP-2023.xlsx,,3(BDL),80.0,13.2,,,,5,,,,,,5(BDL),,,,,,5.0,,,,,,,,,,,80.0,0.31
4504.0,,SARAKKI LAKE,"D (Propagation of wild life,fisheries)",4.9,7.1,751.0,7.0,13.0,4100.0,160000.0,,,,,,108.0,60.0,0.4,152.0,80.0,72.0,34,89.0,510,0.49,0.5(BDL),,,SEP-2023.xlsx,,3(BDL),168.0,8.7,,,,10,,,,,,5(BDL),,,,,,6.0,,,,,,,,,,,168.0,0.21
3638.0,,YELACHENAHALLI LAKE,"D (Propagation of wild life,fisheries)",4.3,6.8,387.0,8.0,5.0,3200.0,54000.0,,,,,,40.0,92.0,0.93,76.0,44.0,32.0,10,41.0,262,0.2(BDL),0.5(BDL),,,SEP-2023.xlsx,,3(BDL),88.0,12.6,,,,3,,,,,,5(BDL),,,,,,7.0,,,,,,,,,,,88.0,0.2(BDL)
3592.0,,YEDIYUR TANK,"D (Propagation of wild life,fisheries)",4.5,6.7,328.0,7.0,4.0,1700.0,24000.0,,,,,,32.0,64.0,0.69,48.0,28.0,20.0,5(BDL),28.0,222,0.2(BDL),0.5(BDL),,,SEP-2023.xlsx,,3(BDL),76.0,10.2,,,,2,,,,,,5(BDL),,,,,,8.0,,,,,,,,,,,76.0,0.28
3591.0,,KEMPAMBUDHI TANK,"D (Propagation of wild life,fisheries)",4.1,6.5,512.0,9.0,7.0,580.0,16000.0,,,,,,28.0,84.0,0.96,136.0,72.0,64.0,10,49.0,348,1,0.5(BDL),,,SEP-2023.xlsx,,3(BDL),136.0,10.9,,,,6,,,,,,,,,,,,9.0,,,,,,,,,,,136.0,0.31
3590.0,,LALBAGH TANK,"D (Propagation of wild life,fisheries)",4.1,6.8,545.0,10.0,8.0,4600.0,35000.0,,,,,,28.0,88.0,0.98,92.0,52.0,40.0,12,53.0,368,0.2(BDL),0.5(BDL),,,SEP-2023.xlsx,,3(BDL),104.0,12.4,,,,6,,,,,,5(BDL),,,,,,10.0,,,,,,,,,,,104.0,0.21
4505.0,,NELAMANGALA LAKE,"E (Irrigation, industrial cooling and controlled waste)",0.3(BDL),7.2,1348.0,86.0,7.0,700.0,16000.0,,,,,,224.0,404.0,5.6,372.0,192.0,180.0,23,115.0,908,1,0.5(BDL),,,SEP-2023.xlsx,,3(BDL),296.0,1.6,,,,35,,,,,,5(BDL),,,,,,11.0,,,,,,,,,,,296.0,0.48
4095.0,,CHIKKABANAVARA LAKE,"D (Propagation of wild life,fisheries)",4.1,7.2,1597.0,9.0,6.0,460.0,16000.0,,,,,,400.0,100.0,0.98,400.0,204.0,196.0,36,160.0,1086,0.49,0.5(BDL),,,SEP-2023.xlsx,,3(BDL),320.0,7.2,,,,21,,,,,,5(BDL),,,,,,12.0,,,,,,,,,,,320.0,0.28
3600.0,,SHIVAPURA TANK,"E (Irrigation, industrial cooling and controlled waste)",1.4,6.8,2040.0,30.0,8.0,3400.0,54000.0,,,,,,400.0,196.0,15.28,388.0,200.0,188.0,78,156.0,1386,0.27,0.5(BDL),,,SEP-2023.xlsx,,3(BDL),192.0,38.5,,,,21,,,,,,5(BDL),,,,,,13.0,,,,,,,,,,,192.0,0.31
3601.0,,KARIHOBANAHALLI LAKE,"E (Irrigation, industrial cooling and controlled waste)",0.4,7.2,1914.0,21.0,8.0,22000.0,240000.0,,,,,,348.0,172.0,21.25,448.0,228.0,220.0,58,171.0,1300,1.35,0.5(BDL),,,SEP-2023.xlsx,,3(BDL),244.0,34.2,,,,12,,,,,,5(BDL),,,,,,14.0,,,,,,,,,,,244.0,0.29
4515.0,,BHATTARAHALLI LAKE,"D (Propagation of wild life,fisheries)",4.4,7.6,756.0,9.0,3.0,9400.0,160000.0,,,,,,160.0,88.0,0.45,120.0,64.0,56.0,5(BDL),102.0,520,0.2(BDL),0.5(BDL),,,SEP-2023.xlsx,,3(BDL),124.0,8,,,,21,,,,,,5(BDL),,,,,,15.0,,,,,,,,,,,124.0,0.42
5566.0,,"Basavanapura Lake Ayyappa Nagr Main Road , K. R. Puram ,","D (Propagation of wild life,fisheries)",5.4,6.5,434.0,4.0,1.66,4800.0,92000.0,,,,,,68.0,41.0,0.44,112.0,60.0,52.0,18,35.0,302,0.2(BDL),0.5(BDL),,,SEP-2023.xlsx,,3(BDL),96.0,5.1,,,,9,,,,,,5(BDL),,,,,,16.0,,,,,,,,,,,96.0,0.2(BDL)
3605.0,,YELEMALLAPPA SHETTY LAKE,"E (Irrigation, industrial cooling and controlled waste)",3.2,6.5,1556.0,18.0,2.17,460.0,16000.0,,,,,,260.0,160.0,4.8,416.0,212.0,204.0,63,124.0,1090,0.58,0.5(BDL),,,SEP-2023.xlsx,,3(BDL),356.0,8.5,,,,31,,,,,,5(BDL),,,,,,17.0,,,,,,,,,,,356.0,0.24
3643.0,,BENNIGANAHALLI LAKE,"D (Propagation of wild life,fisheries)",4.4,6.6,486.0,10.0,2.0,2100.0,35000.0,,,,,,84.0,100.0,0.89,100.0,56.0,44.0,23,66.0,334,0.24,0.5(BDL),,,SEP-2023.xlsx,,3(BDL),84.0,2.1,,,,18,,,,,,5(BDL),,,,,,18.0,,,,,,,,,,,84.0,0.28
3603.0,,VENGAIYYANAKERE( KR PURAM LAKE ),"E (Irrigation, industrial cooling and controlled waste)",0.3(BDL),6.7,1147.0,100.0,5.0,63000.0,540000.0,,,,,,148.0,340.0,200.0,264.0,136.0,128.0,34,160.0,790,0.2(BDL),0.5(BDL),,,SEP-2023.xlsx,,3(BDL),312.0,7.2,,,,26,,,,,,5(BDL),,,,,,19.0,,,,,,,,,,,312.0,0.42
4526.0,,DEVASANDRA LAKE,"E (Irrigation, industrial cooling and controlled waste)",3.4,7.0,436.0,12.0,2.0,11000.0,160000.0,,,,,,60.0,112.0,9.14,128.0,68.0,60.0,15,53.0,300,0.2(BDL),0.5(BDL),,,SEP-2023.xlsx,,3(BDL),108.0,11.6,,,,14,,,,,,5(BDL),,,,,,20.0,,,,,,,,,,,108.0,0.26
5563.0,,"Segehalli Lake Baavanapura Road Battarahalli , Bangalore","D (Propagation of wild life,fisheries)",5.2,7.0,640.0,7.0,3.0,12000.0,92000.0,,,,,,68.0,76.0,0.48,176.0,92.0,84.0,15,106.0,440,1,0.5(BDL),,,SEP-2023.xlsx,,3(BDL),172.0,1.2,,,,14,,,,,,5(BDL),,,,,,21.0,,,,,,,,,,,172.0,0.38
5564.0,,"Kannamangala Lake Hoskote Main Road , Bengalore","E (Irrigation, industrial cooling and controlled waste)",3.2,7.2,1346.0,13.0,5.0,4300.0,54000.0,,,,,,288.0,120.0,1.47,280.0,144.0,136.0,27,179.0,928,1,0.5(BDL),,,SEP-2023.xlsx,,3(BDL),212.0,6.7,,,,28,,,,,,5(BDL),,,,,,22.0,,,,,,,,,,,212.0,0.44
4516.0,,KUNDALAHALLI LAKE,"E (Irrigation, industrial cooling and controlled waste)",2.9,7.3,1556.0,17.0,5.96,470.0,16000.0,,,,,,260.0,160.0,4.8,416.0,212.0,204.0,63,124.0,1090,0.58,0.5(BDL),,,SEP-2023.xlsx,,3(BDL),356.0,8.5,,,,31,,,,,,5(BDL),,,,,,23.0,,,,,,,,,,,356.0,0.24
3642.0,,JIGANI TANK,"D (Propagation of wild life,fisheries)",5.2,7.3,952.0,6.0,4.0,400.0,16000.0,,,,,,156.0,52.0,0.44,228.0,112.0,116.0,9,85.0,646,1.14,0.5(BDL),,,SEP-2023.xlsx,,3(BDL),208.0,9.6,,,,4,,,,,,5(BDL),,,,,,24.0,,,,,,,,,,,208.0,0.27
3620.0,,PARAPPANA AGRAHARA LAKE,"D (Propagation of wild life,fisheries)",4.1,7.5,862.0,13.0,2.5,4800.0,160000.0,,,,,,136.0,126.0,0.93,232.0,124.0,108.0,13,84.0,588,0.36,0.5(BDL),,,SEP-2023.xlsx,,3(BDL),248.0,34.4,,,,11,,,,,,5(BDL),,,,,,25.0,,,,,,,,,,,248.0,0.45
4543.0,,KODI SINGASANDRA LAKE,"D (Propagation of wild life,fisheries)",4.2,7.1,512.0,12.0,1.5,430.0,9200.0,,,,,,76.0,121.0,0.9,136.0,76.0,60.0,8,51.0,350,0.21,0.5(BDL),,,SEP-2023.xlsx,,3(BDL),144.0,20.3,,,,6,,,,,,5(BDL),,,,,,26.0,,,,,,,,,,,144.0,0.24
3619.0,,BEGUR TANK,"D (Propagation of wild life,fisheries)",4.2,7.1,522.0,12.0,1.5,470.0,16000.0,,,,,,80.0,119.0,0.9,140.0,76.0,64.0,8,52.0,356,0.22,0.5(BDL),,,SEP-2023.xlsx,,3(BDL),148.0,14.9,,,,7,,,,,,5(BDL),,,,,,27.0,,,,,,,,,,,148.0,0.26
3589.0,,MADIWALA TANK,"D (Propagation of wild life,fisheries)",4.1,7.1,1080.0,12.0,3.2,3300.0,35000.0,,,,,,168.0,123.0,0.92,292.0,152.0,140.0,17,105.0,736,0.45,0.5(BDL),,,SEP-2023.xlsx,,3(BDL),304.0,28.6,,,,13,,,,,,5(BDL),,,,,,28.0,,,,,,,,,,,304.0,0.52
3615.0,,ARAKERE LAKE,"D (Propagation of wild life,fisheries)",4.2,7.4,859.0,11.0,2.5,7900.0,160000.0,,,,,,132.0,113.0,0.9,232.0,124.0,108.0,13,84.0,584,0.36,0.5(BDL),,,SEP-2023.xlsx,,3(BDL),244.0,11.22,,,,11,,,,,,5(BDL),,,,,,29.0,,,,,,,,,,,244.0,0.44
3614.0,,PUTTENAHALLI LAKE,"D (Propagation of wild life,fisheries)",4.3,7.1,510.0,11.0,1.5,480.0,9200.0,,,,,,76.0,115.0,0.87,136.0,76.0,60.0,8,51.0,348,0.21,0.5(BDL),,,SEP-2023.xlsx,,3(BDL),144.0,13.7,,,,6,,,,,,5(BDL),,,,,,30.0,,,,,,,,,,,144.0,0.24
3648.0,,MYDALA TANK,"D (Propagation of wild life,fisheries)",5.3,6.9,294.0,4.0,1.0,430.0,5400.0,,,,,,36.0,40.0,0.4,92.0,52.0,10.0,5(BDL),13.0,202,0.2(BDL),0.5(BDL),,,SEP-2023.xlsx,,3(BDL),64.0,10.2,,,,3,,,,,,5(BDL),,,,,,31.0,,,,,,,,,,,64.0,0.2(BDL)
5567.0,,"Doddakallasandra Lake,Bengaluru","D (Propagation of wild life,fisheries)",4.3,7.6,791.0,11.0,2.3,2200.0,24000.0,,,,,,120.0,110.0,0.85,212.0,112.0,100.0,12,78.0,538,0.33,0.5(BDL),,,SEP-2023.xlsx,,3(BDL),224.0,9.8,,,,10,,,,,,5(BDL),,,,,,32.0,,,,,,,,,,,224.0,0.4
4547.0,,MANGAMANAPALYA LAKE(SWARANA KUNTE),"D (Propagation of wild life,fisheries)",4.1,7.2,1080.0,13.0,3.2,4300.0,54000.0,,,,,,168.0,129.0,0.94,292.0,152.0,140.0,17,106.0,734,0.46,0.5(BDL),,,SEP-2023.xlsx,,3(BDL),304.0,36.6,,,,13,,,,,,5(BDL),,,,,,33.0,,,,,,,,,,,304.0,0.55
3609.0,,IBBALUR LAKE,"D (Propagation of wild life,fisheries)",6.6,7.0,485.0,4.0,1.9,7000.0,92000.0,,,,,,80.0,40.0,0.4,124.0,68.0,56.0,19,40.0,340,0.2(BDL),0.5(BDL),,,SEP-2023.xlsx,,3(BDL),104.0,5.3,,,,10,,,,,,5(BDL),,,,,,34.0,,,,,,,,,,,104.0,0.2(BDL)
3622.0,,SOMASUNDRAPALYA LAKE,"D (Propagation of wild life,fisheries)",4.1,7.2,1084.0,13.0,3.2,4000.0,35000.0,,,,,,172.0,130.0,0.95,292.0,156.0,136.0,17,106.0,740,0.47,0.5(BDL),,,SEP-2023.xlsx,,3(BDL),308.0,37.2,,,,14,,,,,,5(BDL),,,,,,35.0,,,,,,,,,,,308.0,0.55
3612.0,,AGARAM LAKE,"D (Propagation of wild life,fisheries)",6.7,7.1,483.0,4.0,1.85,330.0,16000.0,,,,,,80.0,40.0,0.56,128.0,68.0,60.0,20,39.0,338,0.2(BDL),0.5(BDL),,,SEP-2023.xlsx,,3(BDL),108.0,2.1,,,,10,,,,,,5(BDL),,,,,,36.0,,,,,,,,,,,108.0,0.2(BDL)
3607.0,,KALKERE TANK,"D (Propagation of wild life,fisheries)",4.1,7.8,840.0,11.0,3.6,1700.0,24000.0,,,,,,188.0,110.0,0.88,228.0,120.0,108.0,8,91.0,570,1.3,0.5(BDL),,,SEP-2023.xlsx,,3(BDL),212.0,10.4,,,,23,,,,,,5(BDL),,,,,,37.0,,,,,,,,,,,212.0,0.43
4519.0,,RAMPURA LAKE,"E (Irrigation, industrial cooling and controlled waste)",0.3(BDL),6.5,1645.0,30.0,5.3,27000.0,240000.0,,,,,,200.0,200.0,40.7,280.0,144.0,136.0,10,98.0,1122,3.8,0.5(BDL),,,SEP-2023.xlsx,,3(BDL),452.0,38.6,,,,31,,,,,,5(BDL),,,,,,38.0,,,,,,,,,,,452.0,0.39
4542.0,,BASAVANAPURA LAKE,"D (Propagation of wild life,fisheries)",5,7.2,426.0,7.0,1.8,7000.0,92000.0,,,,,,72.0,68.0,0.4,108.0,60.0,48.0,11,55.0,292,0.2(BDL),0.5(BDL),,,SEP-2023.xlsx,,3(BDL),108.0,12.8,,,,15,,,,,,5(BDL),,,,,,39.0,,,,,,,,,,,108.0,0.24
3613.0,,GOTTIGERE LAKE,"D (Propagation of wild life,fisheries)",4.2,7.4,666.0,9.0,2.8,3300.0,160000.0,,,,,,148.0,88.0,0.97,108.0,60.0,48.0,5(BDL),75.0,458,0.2(BDL),0.5(BDL),,,SEP-2023.xlsx,,3(BDL),164.0,13,,,,52,,,,,,5(BDL),,,,,,40.0,,,,,,,,,,,164.0,0.2(BDL)
5574.0,,"Anjanapura Lake ( Avala Halli Lake) Anjanapura,Bengaluru","D (Propagation of wild life,fisheries)",4.9,7.3,653.0,7.0,2.8,4700.0,54000.0,,,,,,136.0,65.0,0.42,132.0,72.0,60.0,5(BDL),77.0,454,0.2(BDL),0.5(BDL),,,SEP-2023.xlsx,,3(BDL),160.0,11.6,,,,51,,,,,,5(BDL),,,,,,41.0,,,,,,,,,,,160.0,0.2(BDL)
4544.0,,KOTHANURU LAKE,"D (Propagation of wild life,fisheries)",5.1,7.3,657.0,7.0,2.8,480.0,9200.0,,,,,,136.0,65.0,0.5,128.0,68.0,60.0,5(BDL),77.0,456,0.35,0.5(BDL),,,SEP-2023.xlsx,,3(BDL),160.0,8.5,,,,52,,,,,,5(BDL),,,,,,42.0,,,,,,,,,,,160.0,0.2(BDL)
3616.0,,KALENA AGRAHARA LAKE,"D (Propagation of wild life,fisheries)",4.5,7.4,672.0,8.0,2.8,4900.0,35000.0,,,,,,148.0,72.0,0.59,136.0,72.0,64.0,5(BDL),68.0,466,0.2(BDL),0.5(BDL),,,SEP-2023.xlsx,,3(BDL),172.0,11.2,,,,48,,,,,,5(BDL),,,,,,43.0,,,,,,,,,,,172.0,0.2(BDL)
4529.0,,KASAVANAHALLI LAKE,"D (Propagation of wild life,fisheries)",5.3,7.5,745.0,4.0,2.86,4600.0,54000.0,,,,,,124.0,46.0,0.53,200.0,104.0,96.0,30,60.0,522,0.2(BDL),0.5(BDL),,,SEP-2023.xlsx,,,168.0,4.8,,,,15,,,,,,5(BDL),,,,,,44.0,,,,,,,,,,,168.0,0.2(BDL)
3594.0,,SANKEY TANK,"D (Propagation of wild life,fisheries)",5.6,6.7,498.0,4.0,1.91,630.0,5400.0,,,,,,80.0,40.0,0.4,132.0,72.0,60.0,20,40.0,348,0.2(BDL),0.5(BDL),,,SEP-2023.xlsx,,3(BDL),112.0,3.6,,,,10,,,,,,5(BDL),,,,,,45.0,,,,,,,,,,,112.0,0.2(BDL)
4530.0,,KAMMASANDRA LAKE,"E (Irrigation, industrial cooling and controlled waste)",3.8,6.9,1820.0,9.0,5.0,4800.0,54000.0,,,,,,320.0,108.0,2.72,472.0,240.0,232.0,38.7,193.0,1236,0.4,0.5(BDL),,,SEP-2023.xlsx,,3(BDL),420.0,35.9,,,,18,,,,,,5(BDL),,,,,,46.0,,,,,,,,,,,420.0,0.52
4532.0,,CHANDAPURA LAKE,"E (Irrigation, industrial cooling and controlled waste)",1.9,6.8,1813.0,29.0,5.0,3100.0,35000.0,,,,,,332.0,196.0,4.01,448.0,228.0,220.0,38,183.0,1232,0.2(BDL),0.5(BDL),,,SEP-2023.xlsx,,3(BDL),400.0,20.3,,,,17,,,,,,5(BDL),,,,,,47.0,,,,,,,,,,,400.0,0.49
4531.0,,RAYASANDRA LAKE,"E (Irrigation, industrial cooling and controlled waste)",3.5,7.0,1678.0,12.0,4.0,4900.0,92000.0,,,,,,284.0,116.0,3.18,392.0,200.0,192.0,24,117.0,1140,1.27,0.5(BDL),,,SEP-2023.xlsx,,3(BDL),424.0,25.3,,,,12,,,,,,5(BDL),,,,,,48.0,,,,,,,,,,,424.0,0.26
4107.0,,RIVER DAKSHINA PINAKINI NEAR MUGALUR BRIDGE,"D (Propagation of wild life,fisheries)",5.8,7.0,1826.0,5.0,7.0,6300.0,54000.0,,,,,,328.0,48.0,0.52,396.0,204.0,192.0,31,189.0,1240,0.5,0.5(BDL),,,SEP-2023.xlsx,,3(BDL),412.0,31.3,,,,15,,,,,,5(BDL),,,,,,49.0,,,,,,,,,,,412.0,0.2(BDL)
2778.0,,RIVER ARKAVATHI AT TIPPAGONDANAHALLI RESERVOIR,"D (Propagation of wild life,fisheries)",4.8,7.3,1148.0,6.0,2.3,70.0,1600.0,,,,,,236.0,76.0,0.41,392.0,200.0,192.0,20,110.0,784,0.29,0.5(BDL),,,SEP-2023.xlsx,49.0,3(BDL),276.0,3.6,,,,12,,,,,,5(BDL),,,,,,50.0,,,,,,,,,,,276.0,0.2(BDL)
3624.0,,PUTTENAHALLI LAKE,"D (Propagation of wild life,fisheries)",4.4,7.5,629.0,7.0,3.0,490.0,5400.0,,,,,,112.0,76.0,0.9,148.0,80.0,16.0,10,68.0,434,0.2(BDL),0.5(BDL),,,SEP-2023.xlsx,,3(BDL),108.0,7.4,,,,23,,,,,,5(BDL),,,,,,51.0,,,,,,,,,,,108.0,0.3
3625.0,,HEBBAL LAKE,"D (Propagation of wild life,fisheries)",4.3,7.4,609.0,8.0,3.0,1200.0,16000.0,,,,,,96.0,80.0,0.89,104.0,56.0,48.0,10,67.0,414,0.2(BDL),0.5(BDL),,,SEP-2023.xlsx,,3(BDL),112.0,6.1,,,,20,,,,,,5(BDL),,,,,,52.0,,,,,,,,,,,,0.3
3626.0,,NAGAVARA LAKE,"D (Propagation of wild life,fisheries)",4.4,7.2,491.0,6.0,1.0,480.0,9200.0,,,,,,76.0,76.0,0.4,148.0,76.0,72.0,7,49.0,338,0.2(BDL),0.5(BDL),,,SEP-2023.xlsx,,3(BDL),108.0,1.3,,,,6,,,,,,5(BDL),,,,,,53.0,,,,,,,,,,,108.0,0.2(BDL)
4507.0,,CHELEKERE LAKE,"D (Propagation of wild life,fisheries)",4.3,7.3,533.0,7.0,1.1,4000.0,54000.0,,,,,,72.0,80.0,0.41,156.0,84.0,72.0,8,54.0,370,0.2(BDL),0.5(BDL),,,SEP-2023.xlsx,,3(BDL),120.0,1.3,,,,6,,,,,,5(BDL),,,,,,54.0,,,,,,,,,,,120.0,0.2(BDL)
4508.0,,SINGAPURA LAKE,"D (Propagation of wild life,fisheries)",4.1,7.0,538.0,5.0,1.0,4600.0,35000.0,,,,,,76.0,64.0,0.4,160.0,88.0,72.0,8,51.0,370,0.2(BDL),0.5(BDL),,,SEP-2023.xlsx,,3(BDL),116.0,1.1,,,,5,,,,,,5(BDL),,,,,,55.0,,,,,,,,,,,116.0,0.2(BDL)
4509.0,,NARASIPURA LAKE,"D (Propagation of wild life,fisheries)",4.6,7.1,518.0,7.0,1.0,4300.0,92000.0,,,,,,68.0,80.0,0.4,168.0,92.0,76.0,8,50.0,360,0.2(BDL),0.5(BDL),,,SEP-2023.xlsx,,3(BDL),124.0,1(BDL),,,,5,,,,,,5(BDL),,,,,,56.0,,,,,,,,,,,124.0,0.2(BDL)
4510.0,,RACHENAHALLI LAKE,"D (Propagation of wild life,fisheries)",4.5,8.1,429.0,6.0,1.1,2200.0,24000.0,,,,,,80.0,74.0,0.4,172.0,88.0,84.0,8,40.0,296,0.2(BDL),0.5(BDL),,,SEP-2023.xlsx,,3(BDL),128.0,1.4,,,,4,,,,,,5(BDL),,,,,,57.0,,,,,,,,,,,128.0,0.2(BDL)
4511.0,,KOGILU KERE,"D (Propagation of wild life,fisheries)",4.7,7.2,504.0,5.0,1.1,490.0,16000.0,,,,,,84.0,63.0,0.4,180.0,92.0,88.0,8,49.0,350,0.2(BDL),0.5(BDL),,,SEP-2023.xlsx,,3(BDL),132.0,1.3,,,,5,,,,,,5(BDL),,,,,,58.0,,,,,,,,,,,132.0,0.2(BDL)
3635.0,,MALATHAHALLI LAKE,"D (Propagation of wild life,fisheries)",5.3,7.5,1214.0,4.0,4.66,3300.0,54000.0,,,,,,204.0,44.0,0.48,328.0,166.0,162.0,49,114.0,852,0.22,0.5(BDL),,,SEP-2023.xlsx,,3(BDL),280.0,4.2,,,,24,,,,,,5(BDL),,,,,,59.0,,,,,,,,,,,280.0,0.48
4533.0,,ULLALU LAKE,"E (Irrigation, industrial cooling and controlled waste)",3.1,6.9,708.0,16.0,2.72,4000.0,35000.0,,,,,,116.0,118.0,3.6,188.0,96.0,92.0,29,57.0,492,0.3,0.5(BDL),,,SEP-2023.xlsx,,3(BDL),160.0,5.1,,,,14,,,,,,5(BDL),,,,,,60.0,,,,,,,,,,,160.0,0.39
3629.0,,ALLALASANDRA LAKE,"E (Irrigation, industrial cooling and controlled waste)",3.2,8.0,498.0,12.0,2.0,23000.0,240000.0,,,,,,88.0,112.0,2.9,100.0,56.0,44.0,17,61.0,342,0.3,0.5(BDL),,,SEP-2023.xlsx,,3(BDL),80.0,68.2,,,,18,,,,,,5(BDL),,,,,,61.0,,,,,,,,,,,,0.2(BDL)
5561.0,,"Munekolalu Lake ,Marathahalli, East Taluka ,Bengaluru","D (Propagation of wild life,fisheries)",6,7.9,510.0,4.0,1.8,4800.0,35000.0,,,,,,80.0,48.0,0.42,116.0,64.0,52.0,5(BDL),104.0,348,0.26,0.5(BDL),,,SEP-2023.xlsx,,3(BDL),124.0,25.7,,,,14,,,,,,5(BDL),,,,,,62.0,,,,,,,,,,,124.0,0.23
4520.0,,CHINNAPPANAHALLI LAKE,"D (Propagation of wild life,fisheries)",5.7,8.1,547.0,5.0,2.2,2700.0,24000.0,,,,,,104.0,46.0,0.44,124.0,68.0,56.0,6,102.0,370,0.29,0.5(BDL),,,SEP-2023.xlsx,,3(BDL),116.0,14.1,,,,13,,,,,,5(BDL),,,,,,63.0,,,,,,,,,,,116.0,0.34
3608.0,,VARTHUR LAKE,"D (Propagation of wild life,fisheries)",5.6,6.8,769.0,7.0,3.0,2300.0,350000.0,,,,,,84.0,68.0,0.45,236.0,124.0,112.0,59,81.0,524,1.33,0.5(BDL),,,SEP-2023.xlsx,,3(BDL),204.0,8.9,,,,11,,,,,,5(BDL),,,,,,64.0,,,,,,,,,,,204.0,0.21
4527.0,,SHEELAVANTA-WHITEFIELD LAKE,"D (Propagation of wild life,fisheries)",4.6,7.0,1056.0,8.0,4.0,3300.0,54000.0,,,,,,216.0,88.0,0.71,232.0,120.0,112.0,21,98.0,718,1.2,0.5(BDL),,,SEP-2023.xlsx,,3(BDL),216.0,14.2,,,,9,,,,,,5(BDL),,,,,,65.0,,,,,,,,,,,216.0,0.26
4522.0,,VIBHUTHIPURA LAKE,"D (Propagation of wild life,fisheries)",5.2,7.2,639.0,7.0,2.0,310.0,9200.0,,,,,,60.0,60.0,0.4,108.0,60.0,48.0,20,49.0,434,1.15,0.5(BDL),,,SEP-2023.xlsx,,3(BDL),100.0,4.2,,,,8,,,,,,5(BDL),,,,,,66.0,,,,,,,,,,,100.0,0.2(BDL)
3621.0,,HARALUR LAKE,"D (Propagation of wild life,fisheries)",5.4,7.2,1254.0,6.0,6.0,46000.0,350000.0,,,,,,264.0,51.0,0.54,256.0,132.0,124.0,436,109.0,856,2.52,0.5(BDL),,,SEP-2023.xlsx,,3(BDL),436.0,14.3,,,,31,,,,,,5(BDL),,,,,,67.0,,,,,,,,,,,436.0,0.3
3611.0,,KAIKONDANAHALLI LAKE,"D (Propagation of wild life,fisheries)",5.8,7.2,1280.0,5.0,6.0,3100.0,92000.0,,,,,,264.0,46.0,0.48,260.0,136.0,124.0,43,113.0,874,3.3,0.5(BDL),,,SEP-2023.xlsx,,3(BDL),432.0,15,,,,30,,,,,,5(BDL),,,,,,68.0,,,,,,,,,,,432.0,0.3
5570.0,,"Soulkere, Kaikondrahalli Vill,Bengaluru","D (Propagation of wild life,fisheries)",5.9,6.7,1200.0,5.0,7.8,400.0,16000.0,,,,,,40.0,40.0,0.45,76.0,44.0,32.0,5(BDL),30.0,152,2.7,0.5(BDL),,,SEP-2023.xlsx,,3(BDL),44.0,17.6,,,,5,,,,,,5(BDL),,,,,,69.0,,,,,,,,,,,44.0,0.2(BDL)
4528.0,,DODDAKANNEHALLI LAKE,"D (Propagation of wild life,fisheries)",4.2,7.1,1237.0,9.0,6.0,4300.0,54000.0,,,,,,244.0,86.0,0.4,300.0,156.0,144.0,37,103.0,842,3,0.5(BDL),,,SEP-2023.xlsx,,3(BDL),420.0,14.6,,,,31,,,,,,5(BDL),,,,,,70.0,,,,,,,,,,,420.0,0.3
3602.0,,BELLANDUR LAKE,"E (Irrigation, industrial cooling and controlled waste)",0.3(BDL),6.8,1030.0,129.0,4.5,3300000.0,24000000.0,,,,,,124.0,434.0,9.9,372.0,192.0,180.0,14,93.0,704,2,0.5(BDL),,,SEP-2023.xlsx,,3(BDL),400.0,24.4,,,,22,,,,,,5(BDL),,,,,,71.0,,,,,,,,,,,400.0,0.31
4524.0,,PATTANDUR AGRAHARA LAKE,"E (Irrigation, industrial cooling and controlled waste)",3.9,8.0,615.0,12.0,2.0,2300.0,24000.0,,,,,,100.0,108.0,1.9,124.0,68.0,56.0,27,74.0,418,0.42,0.5(BDL),,,SEP-2023.xlsx,,3(BDL),104.0,2.9,,,,13,,,,,,5(BDL),,,,,,72.0,,,,,,,,,,,104.0,0.34
4523.0,,NALLURAHALLI LAKE,"D (Propagation of wild life,fisheries)",5.4,7.8,520.0,6.0,1.8,7000.0,92000.0,,,,,,80.0,72.0,0.4,116.0,64.0,52.0,12,49.0,352,0.42,0.5(BDL),,,SEP-2023.xlsx,,3(BDL),92.0,7.2,,,,14,,,,,,5(BDL),,,,,,73.0,,,,,,,,,,,92.0,0.24
5560.0,,"Hoodi (Rajapalya Lake) Itpl Main Road, Near","D (Propagation of wild life,fisheries)",4.5,7.2,627.0,8.0,2.0,490.0,16000.0,,,,,,100.0,96.0,0.4,136.0,76.0,60.0,26,78.0,426,1,0.5(BDL),,,SEP-2023.xlsx,,3(BDL),108.0,5.2,,,,20,,,,,,5(BDL),,,,,,74.0,,,,,,,,,,,108.0,0.23
4514.0,,SADARAMANGALA LAKE,"E (Irrigation, industrial cooling and controlled waste)",3.2,8.5,565.0,17.0,2.0,3400.0,35000.0,,,,,,80.0,120.0,2.0,124.0,72.0,52.0,17,63.0,378,0.92,0.5(BDL),,,SEP-2023.xlsx,,16,116.0,36.6,,,,17,,,,,,8,,,,,,75.0,,,,,,,,,,,124.0,0.2(BDL)
4518.0,,GARUDACHARPALYA TANK,"D (Propagation of wild life,fisheries)",5,8.2,995.0,7.0,3.4,460.0,9200.0,,,,,,168.0,88.0,0.4,240.0,128.0,112.0,16,106.0,666,2,0.5(BDL),,,SEP-2023.xlsx,,3(BDL),176.0,5.8,,,,20,,,,,,5(BDL),,,,,,76.0,,,,,,,,,,,176.0,0.2(BDL)
5562.0,,"Mahadevpura Lake, K. R. Puram , Bangalore East Taluka","E (Irrigation, industrial cooling and controlled waste)",3.2,8.7,563.0,3.2,2.0,3100.0,35000.0,,,,,,88.0,132.0,2.1,124.0,68.0,56.0,12,64.0,378,0.91,0.5(BDL),,,SEP-2023.xlsx,,16,124.0,34.6,,,,15,,,,,,8,,,,,,77.0,,,,,,,,,,,132.0,0.2(BDL)
3610.0,,TUBARAHALLI TANK,"D (Propagation of wild life,fisheries)",4.6,7.5,1025.0,8.0,4.0,7000.0,92000.0,,,,,,188.0,96.0,0.4,224.0,120.0,104.0,25,115.0,682,2,0.5(BDL),,,SEP-2023.xlsx,,3(BDL),152.0,7.8,,,,16,,,,,,5(BDL),,,,,,78.0,,,,,,,,,,,152.0,0.22
3632.0,,VEERAPURA TANK,"D (Propagation of wild life,fisheries)",5.8,7.5,878.0,5.0,4.0,340.0,16000.0,,,,,,72.0,48.0,0.49,300.0,156.0,144.0,75,78.0,596,0.83,0.5(BDL),,,SEP-2023.xlsx,,3(BDL),172.0,16.5,,,,5,,,,,,5(BDL),,,,,,79.0,,,,,,,,,,,172.0,0.2(BDL)
4503.0,,MADHURE TANK,"D (Propagation of wild life,fisheries)",5.8,7.2,897.0,6.0,4.0,340.0,54000.0,,,,,,188.0,56.0,0.56,308.0,160.0,148.0,101,80.0,692,0.77,0.5(BDL),,,SEP-2023.xlsx,,3(BDL),188.0,20.6,,,,7,,,,,,5(BDL),,,,,,80.0,,,,,,,,,,,188.0,0.21
4525.0,,SEETHARAMPALYA LAKE,"D (Propagation of wild life,fisheries)",4.6,8.2,994.0,8.0,3.4,4000.0,54000.0,,,,,,100.0,92.0,0.4,236.0,124.0,112.0,16,105.0,668,2,0.5(BDL),,,SEP-2023.xlsx,,3(BDL),184.0,12.7,,,,21,,,,,,5(BDL),,,,,,81.0,,,,,,,,,,,184.0,0.2(BDL)
4535.0,,GUBBALAL LAKE,"D (Propagation of wild life,fisheries)",6.2,6.5,314.0,4.0,1.2,,,,,,,,20.0,40.0,0.4,112.0,60.0,52.0,13,25.0,220,0.2(BDL),0.5(BDL),,,SEP-2023.xlsx,,3(BDL),96.0,2.6,,,,6,,,,,,5(BDL),,,,,,82.0,,,,,,,,,,,96.0,0.2(BDL)
3633.0,,SUBRAMANYAPURA TANK,"D (Propagation of wild life,fisheries)",5.6,7.5,647.0,4.0,2.47,,,,,,,,76.0,46.0,0.4,164.0,84.0,80.0,26,59.0,454,0.2(BDL),0.5(BDL),,,SEP-2023.xlsx,,3(BDL),180.0,4.2,,,,13,,,,,,5(BDL),,,,,,83.0,,,,,,,,,,,180.0,0.36
3634.0,,DEVARAKERE TANK,"D (Propagation of wild life,fisheries)",6.4,6.5,280.0,4.0,1.07,,,,,,,,16.0,42.0,0.4,104.0,56.0,48.0,11,23.0,194,0.2(BDL),0.5(BDL),,,SEP-2023.xlsx,,3(BDL),96.0,2.9,,,,6,,,,,,5(BDL),,,,,,84.0,,,,,,,,,,,96.0,0.2(BDL)
3641.0,,DHOREKERE TANK,"D (Propagation of wild life,fisheries)",6.1,7.2,351.0,4.0,1.34,,,,,,,,36.0,44.0,0.4,152.0,80.0,72.0,14,28.0,244,0.2(BDL),0.5(BDL),,,SEP-2023.xlsx,,3(BDL),108.0,8.8,,,,7,,,,,,5(BDL),,,,,,85.0,,,,,,,,,,,108.0,0.2(BDL)
4536.0,,HOSAKEREHALLI LAKE,"D (Propagation of wild life,fisheries)",4.8,8.5,845.0,5.0,3.24,,,,,,,,120.0,52.0,0.4,248.0,128.0,120.0,34,78.0,592,0.26,0.5(BDL),,,SEP-2023.xlsx,,3(BDL),184.0,2.2,,,,17,,,,,,12,,,,,,86.0,,,,,,,,,,,196.0,0.3
3640.0,,UTTARAHALLI DORAIKERE,"D (Propagation of wild life,fisheries)",6.6,8.2,226.0,4.0,0.86,,,,,,,,24.0,40.0,0.4,96.0,52.0,44.0,9,19.0,158,0.2(BDL),0.5(BDL),,,SEP-2023.xlsx,,3(BDL),72.0,14.6,,,,5,,,,,,5(BDL),,,,,,87.0,,,,,,,,,,,72.0,0.2(BDL)
3636.0,,HOSKERE LAKE,"E (Irrigation, industrial cooling and controlled waste)",0.3(BDL),6.7,839.0,44.0,3.22,,,,,,,,84.0,210.0,14.6,192.0,100.0,92.0,34,76.0,590,0.31,0.5(BDL),,,SEP-2023.xlsx,,3(BDL),296.0,5.2,,,,16,,,,,,5(BDL),,,,,,88.0,,,,,,,,,,,296.0,0.23
4534.0,,SOMPURA LAKE,"D (Propagation of wild life,fisheries)",4.6,8.4,1457.0,4.0,5.5,,,,,,,,180.0,48.0,0.4,256.0,132.0,124.0,59,127.0,1030,0.29,0.5(BDL),,,SEP-2023.xlsx,,3(BDL),308.0,5.2,,,,29,,,,,,5(BDL),,,,,,89.0,,,,,,,,,,,324.0,0.66
4537.0,,CHINNAKURCHI KERE,"D (Propagation of wild life,fisheries)",5.5,8.5,1230.0,4.0,4.72,,,,,,,,96.0,46.0,0.4,268.0,140.0,128.0,50,108.0,864,0.29,0.5(BDL),,,SEP-2023.xlsx,,3(BDL),484.0,1.2,,,,25,,,,,,24,,,,,,90.0,,,,,,,,,,,508.0,0.72
5565.0,,Kannur lake,"D (Propagation of wild life,fisheries)",4.4,6.5,483.0,8.0,2.0,47000.0,540000.0,,,,,,112.0,77.0,0.4,132.0,68.0,64.0,5(BDL),61.0,330,0.2(BDL),0.5(BDL),,,SEP-2023.xlsx,,3(BDL),124.0,15.6,,,,18,,,,,,3(BDL),,,,,,91.0,,,,,,,,,,,124.0,0.3
3618.0,,Singasandra Lake,"D (Propagation of wild life,fisheries)",4.1,7.5,859.0,13.0,2.5,2700.0,24000.0,,,,,,132.0,125.0,0.91,232.0,124.0,108.0,13,84.0,586,0.36,0.5(BDL),,,SEP-2023.xlsx,,3(BDL),244.0,32,,,,11,,,,,,3(BDL),,,,,,92.0,,,,,,,,,,,244.0,0.44
3627.0,,Jakkur Lake,"E (Irrigation, industrial cooling and controlled waste)",3,8.1,556.0,13.0,2.0,9400.0,160000.0,,,,,,84.0,128.0,1.9,104.0,56.0,48.0,24,62.0,378,0.3,0.5(BDL),,,SEP-2023.xlsx,,3(BDL),100.0,66,,,,13,,,,,,3(BDL),,,,,,93.0,,,,,,,,,,,100.0,0.2(BDL)
3630.0,,Yelahanka Lake,"D (Propagation of wild life,fisheries)",4.4,7.3,611.0,5.0,2.0,480.0,3500.0,,,,,,108.0,56.0,1.65,128.0,68.0,60.0,16,71.0,514,0.1,0.5(BDL),,,SEP-2023.xlsx,,3(BDL),120.0,4.6,,,,20,,,,,,3(BDL),,,,,,94.0,,,,,,,,,,,120.0,0.3
5571.0,,Kudlu Doddakere Village,"D (Propagation of wild life,fisheries)",5.9,1.9,860.0,4.0,3.28,480.0,16000.0,,,,,,140.0,48.0,0.38,228.0,116.0,112.0,35,78.0,602,0.27,0.5(BDL),,,SEP-2023.xlsx,,3(BDL),192.0,5.4,,,,16,,,,,,3(BDL),,,,,,95.0,,,,,,,,,,,192.0,0.26
5572.0,,Kudlu Chikkakere  Village,"D (Propagation of wild life,fisheries)",6.1,8.1,864.0,4.0,3.3,460.0,9200.0,,,,,,144.0,44.0,0.4,232.0,120.0,112.0,35,79.0,604,0.29,0.5(BDL),,,SEP-2023.xlsx,,3(BDL),196.0,5.6,,,,17,,,,,,3(BDL),,,,,,96.0,,,,,,,,,,,196.0,0.32
4521.0,,Devarabesanahalli Lake,"D (Propagation of wild life,fisheries)",5.8,6.7,219.0,5.0,1.8,410.0,9200.0,,,,,,36.0,43.0,0.44,80.0,44.0,36.0,8,31.0,160,0.23,0.5(BDL),,,SEP-2023.xlsx,,3(BDL),48.0,14.4,,,,8,,,,,,3(BDL),,,,,,97.0,,,,,,,,,,,48.0,0.2(BDL)
3596.0,,NAYANDANAHALLI TANK,"D (Propagation of wild life,fisheries)",5.8,7.9,648.0,4.0,2.47,,,,,,,,80.0,44.0,0.42,180.0,96.0,84.0,26,59.0,456,0.2(BDL),0.5(BDL),,,SEP-2023.xlsx,,3(BDL),168.0,1.6,,,,13,,,,,,3(BDL),,,,,,98.0,,,,,,,,,,,168.0,0.35
